customer_id,Recency,Frequency,Monetary,AOV,TotalItems,Cluster,Segment
008ea5bdd1a99fb584cce7739349da75,143,0.6931471805599453,3.828641396489095,3.828641396489095,0.6931471805599453,1,Low Value
00a1d0d7d91c17c634d6896ce10ce1c6,35,0.6931471805599453,4.564348191467836,4.564348191467836,0.6931471805599453,0,VIP
012c61cc2c69b09c85071ccac0ccee16,374,0.6931471805599453,4.0943445622221,4.0943445622221,0.6931471805599453,1,Normal
01525fe1e0d8e9616b2503260671d20d,24,0.6931471805599453,4.248495242049359,4.248495242049359,0.6931471805599453,0,Normal
01531f72337b960a58cdba9c94e96d1a,301,0.6931471805599453,3.4011973816621555,3.4011973816621555,0.6931471805599453,2,Low Value
015f170c7abe45372b9f0414d901e71b,291,0.6931471805599453,4.07753744390572,3.4011973816621555,1.0986122886681096,1,Normal
017c61c786dae249f339e690764ec7e6,333,0.6931471805599453,4.02535169073515,4.02535169073515,0.6931471805599453,1,Normal
01a22e2079ea71e17313b88e5811e54a,224,1.0986122886681096,4.962844630259907,3.8781214537524646,1.3862943611198906,4,VIP
01ea2467bec4e5ba6c007621c7df3bf5,13,0.6931471805599453,3.912023005428146,3.912023005428146,0.6931471805599453,3,Normal
0206671ca1e6cea41033a21774bef222,133,0.6931471805599453,4.248495242049359,4.248495242049359,0.6931471805599453,1,Normal
023d64edb6716ac1a0a5da6e6277a713,123,0.6931471805599453,4.02535169073515,4.02535169073515,0.6931471805599453,1,Normal
0242712d1c9c34808dfa88c597c7b0f9,283,0.6931471805599453,3.912023005428146,3.912023005428146,0.6931471805599453,1,Normal
024c9fd1cf1c2c614f24a18e5dd1784d,140,0.6931471805599453,3.6635616461296463,3.6635616461296463,0.6931471805599453,3,Low Value
028bb7f0b0813c2df891b680c35b5f63,355,0.6931471805599453,5.298317366548036,5.298317366548036,0.6931471805599453,0,VIP
0299711900aa07c0fe4961eb253431f8,283,0.6931471805599453,3.912023005428146,3.912023005428146,0.6931471805599453,1,Normal
02b9defff3fd946df37af806a194a49b,303,0.6931471805599453,3.58351893845611,3.58351893845611,0.6931471805599453,1,Low Value
02e0ab6a1eca5f017932ae3cd0953b88,222,0.6931471805599453,3.4011973816621555,3.4011973816621555,0.6931471805599453,2,Low Value
0305702e9d9a9df14d9b7565c214477d,266,0.6931471805599453,3.6635616461296463,3.6635616461296463,0.6931471805599453,1,Low Value
031cbbcf2be8c834d2d5d25d3ee49926,75,0.6931471805599453,4.248495242049359,4.248495242049359,0.6931471805599453,0,Normal
03205e5760c7d0d27d4f8a4d05b31df4,363,0.6931471805599453,3.912023005428146,3.912023005428146,0.6931471805599453,1,Normal
032296639c7e91f3236f544b0a822b3e,227,0.6931471805599453,4.709530201312334,4.02535169073515,1.0986122886681096,0,VIP
03325912b7c52b58176a168e21017be2,172,0.6931471805599453,4.02535169073515,4.02535169073515,0.6931471805599453,1,Normal
035462b7a8b9d16de18102b596a17a1e,231,0.6931471805599453,4.060443010546419,4.060443010546419,0.6931471805599453,1,Normal
03721174fcf1710568e95319cba03508,264,0.6931471805599453,3.4011973816621555,3.4011973816621555,0.6931471805599453,2,Low Value
037fa6e5912d98df30bb5e88df3f40b7,219,0.6931471805599453,3.912023005428146,3.912023005428146,0.6931471805599453,1,Normal
0382241cb66f0a230c344fb11acefef7,50,0.6931471805599453,4.0943445622221,4.0943445622221,0.6931471805599453,3,Normal
039a597bb045646b899477a8480bdd93,491,0.6931471805599453,3.58351893845611,3.58351893845611,0.6931471805599453,2,Low Value
041b73559a3c390b8d2e7e6874b4e620,195,0.6931471805599453,4.330733340286331,4.330733340286331,0.6931471805599453,1,VIP
04581f947792463bf688e535c42e9d64,171,0.6931471805599453,3.912023005428146,3.912023005428146,0.6931471805599453,1,Normal
046728049e76c60b3194851ce65ae9fb,20,0.6931471805599453,4.02535169073515,4.02535169073515,0.6931471805599453,3,Normal
047b83875e802d2794e5931512253f9a,39,0.6931471805599453,4.0943445622221,4.0943445622221,0.6931471805599453,3,Normal
0488f8e76b2ddeff4d52caa56df477ff,497,0.6931471805599453,4.382026634673881,4.382026634673881,0.6931471805599453,2,VIP
049f091afb6a6679245c4668db080336,129,0.6931471805599453,4.564348191467836,4.564348191467836,0.6931471805599453,0,VIP
04b9a14c0f0e107453338b7d85ea15e0,509,0.6931471805599453,3.912023005428146,3.912023005428146,0.6931471805599453,2,Normal
04e7b09e41a01df2100b30d1a880680d,234,0.6931471805599453,5.187385805840755,4.499809670330265,1.0986122886681096,0,VIP
04eac1171d6846c64e71bf03b3e4174e,216,0.6931471805599453,4.248495242049359,4.248495242049359,0.6931471805599453,1,Normal
0515541e3c23abc097a163f6a363304b,18,0.6931471805599453,4.3694478524670215,4.3694478524670215,0.6931471805599453,0,VIP
0527504d9e51e19c4f352774078872f0,155,0.6931471805599453,5.247024072160486,5.247024072160486,0.6931471805599453,0,VIP
053e68c25ace8722da8c06b60e4fa769,82,0.6931471805599453,3.8066624897703196,3.8066624897703196,0.6931471805599453,3,Low Value
0549ef973c77b27ad1c186e845f72a5c,312,0.6931471805599453,3.4011973816621555,3.4011973816621555,0.6931471805599453,2,Low Value
056cf1da778f8b87140f1a463ae85077,292,0.6931471805599453,4.02535169073515,4.02535169073515,0.6931471805599453,1,Normal
05b80c4aa9033a250e6c5ff42d2762b7,283,0.6931471805599453,4.248495242049359,4.248495242049359,0.6931471805599453,1,Normal
05c0c68fbdf283e56b37df9f2d20245c,214,0.6931471805599453,3.828641396489095,3.828641396489095,0.6931471805599453,1,Low Value
060fb87bcb9f60275f3fc857b35be629,28,0.6931471805599453,3.912023005428146,3.912023005428146,0.6931471805599453,3,Normal
06249a1cd30e3c76750d6a9736cbedf1,40,0.6931471805599453,4.02535169073515,4.02535169073515,0.6931471805599453,3,Normal
062fe2e9df8c4c7b058a6d711bae0f3d,198,0.6931471805599453,3.912023005428146,3.912023005428146,0.6931471805599453,1,Normal
064061cc62ae63f003a21741850d1fad,39,0.6931471805599453,3.8066624897703196,3.8066624897703196,0.6931471805599453,3,Low Value
064085bbe84f744d125397333aab88cb,113,0.6931471805599453,4.07753744390572,3.4011973816621555,1.0986122886681096,1,Normal
06445b7b84f41be019bb45a23c972b6d,418,0.6931471805599453,3.912023005428146,3.912023005428146,0.6931471805599453,2,Normal
065dcef61d5f66b30d2ee51b5343d023,277,0.6931471805599453,4.564348191467836,4.564348191467836,0.6931471805599453,1,VIP
065fefa58af499bc88faec29a948752c,406,0.6931471805599453,3.912023005428146,3.912023005428146,0.6931471805599453,2,Normal
067fe68a7a118f91c50eb69fedb34edb,447,0.6931471805599453,3.912023005428146,3.912023005428146,0.6931471805599453,2,Normal
0697142614905a50813d854fa08b8eaf,42,0.6931471805599453,3.912023005428146,3.912023005428146,0.6931471805599453,3,Normal
06d92e7ceaa0b87b635e8354f34c24dc,69,0.6931471805599453,4.02535169073515,4.02535169073515,0.6931471805599453,3,Normal
071d97c65d17dd64aeb08dd196aa0c26,412,0.6931471805599453,4.248495242049359,4.248495242049359,0.6931471805599453,2,Normal
07319d7b7677470c57d132ed034858ec,442,0.6931471805599453,4.3694478524670215,4.3694478524670215,0.6931471805599453,2,VIP
07536baf8f8a329db4fca31c3f0b05e3,203,0.6931471805599453,4.02535169073515,4.02535169073515,0.6931471805599453,1,Normal
0772c2acd7aaa2b171bd7a87fae1af6d,399,0.6931471805599453,3.912023005428146,3.912023005428146,0.6931471805599453,2,Normal
0777b150d37cc8c65e506f3885292681,44,0.6931471805599453,4.3694478524670215,4.3694478524670215,0.6931471805599453,0,VIP
07bd3d18ecba2420a8934b34a26f157a,137,0.6931471805599453,4.3694478524670215,4.3694478524670215,0.6931471805599453,1,VIP
0815eecb45410da84241a60e801934ba,72,0.6931471805599453,4.02535169073515,4.02535169073515,0.6931471805599453,3,Normal
08731645c1377f6426bdd938accc324a,374,0.6931471805599453,4.499809670330265,4.499809670330265,0.6931471805599453,2,VIP
088b29f0f57e02f6ce3e5feaeeddae38,551,0.6931471805599453,3.58351893845611,3.58351893845611,0.6931471805599453,2,Low Value
089888955a17313cf3bfa1c50d1dd0ec,324,0.6931471805599453,3.4011973816621555,3.4011973816621555,0.6931471805599453,2,Low Value
08a96b9b64a5af2b5918c4012c0d92d6,11,0.6931471805599453,5.0106352940962555,5.0106352940962555,0.6931471805599453,0,VIP
08dc08c5b3b7dd3904e1219cce1e7471,208,0.6931471805599453,3.912023005428146,3.912023005428146,0.6931471805599453,1,Normal
08f7f41a13bdc1a2d999ba55b333672f,87,0.6931471805599453,3.8066624897703196,3.8066624897703196,0.6931471805599453,3,Low Value
091e26f4008ccc121b616e1547929f6e,416,0.6931471805599453,3.4011973816621555,3.4011973816621555,0.6931471805599453,2,Low Value
092d165591b4af3d4c33e02f99f6e070,164,0.6931471805599453,3.8066624897703196,3.8066624897703196,0.6931471805599453,1,Low Value
092efb5efa2f61b05793f71115ca2469,106,0.6931471805599453,4.3694478524670215,3.6888794541139363,1.0986122886681096,0,VIP
0937f85b7a96b6ad600405e9bf94255b,114,1.0986122886681096,4.219507705176107,3.5409593240373143,1.0986122886681096,4,Normal
093ec1c846b17c7ebe1d9f202a4a5281,312,0.6931471805599453,4.0943445622221,4.0943445622221,0.6931471805599453,1,Normal
094d93181d7666535298031625418b08,290,0.6931471805599453,3.6888794541139363,3.6888794541139363,0.6931471805599453,1,Low Value
097221858a1f2f6d37ca6915ae039780,25,0.6931471805599453,3.912023005428146,3.912023005428146,0.6931471805599453,3,Normal
09a5f7c425ee179efe9830c565b16bdb,14,0.6931471805599453,4.248495242049359,4.248495242049359,0.6931471805599453,0,Normal
09d735fbd0a987bf264a708d2807d0c7,127,0.6931471805599453,4.3694478524670215,4.3694478524670215,0.6931471805599453,1,VIP
09f55ef15bde8baeef87b3348b31c150,363,0.6931471805599453,3.4011973816621555,3.4011973816621555,0.6931471805599453,2,Low Value
0a3fd9a9aeae46f86e5c05983bf83757,480,0.6931471805599453,4.3694478524670215,3.6888794541139363,1.0986122886681096,2,VIP
0a5bb44764db318c6e5f36f260f86c55,425,0.6931471805599453,4.248495242049359,4.248495242049359,0.6931471805599453,2,Normal
0a6483c85a088be9fc6c9d3a64539e1d,69,0.6931471805599453,4.3694478524670215,4.3694478524670215,0.6931471805599453,0,VIP
0a9435b10f0533aa2a6dd3a08d5633c3,132,0.6931471805599453,4.3694478524670215,4.3694478524670215,0.6931471805599453,1,VIP
0ac4290ef20dbb038df604878e2ef1a1,78,0.6931471805599453,3.58351893845611,3.58351893845611,0.6931471805599453,3,Low Value
0ac94433561d5331d9c5aad9045bcc45,42,0.6931471805599453,4.3694478524670215,3.6888794541139363,1.0986122886681096,0,VIP
0ada46296e2454b568f32413b14defe1,18,0.6931471805599453,3.912023005428146,3.912023005428146,0.6931471805599453,3,Normal
0b0f58b55bc7366c05dcaab3333566b7,179,0.6931471805599453,3.4011973816621555,3.4011973816621555,0.6931471805599453,2,Low Value
0b8a180cade91a3c75bf9f3a286edb16,548,0.6931471805599453,3.4011973816621555,3.4011973816621555,0.6931471805599453,2,Low Value
0c1f1c10bd715fe624982beaa44f9090,267,0.6931471805599453,3.912023005428146,3.912023005428146,0.6931471805599453,1,Normal
0c5950b494467e7a402b0713ae6a50c8,201,0.6931471805599453,3.6888794541139363,3.6888794541139363,0.6931471805599453,1,Low Value
0d1a5a24e57adfef781fca69de76374a,226,0.6931471805599453,4.3694478524670215,4.3694478524670215,0.6931471805599453,1,VIP
0d2e24833b13e406f851f9b3f088f271,278,0.6931471805599453,3.912023005428146,3.912023005428146,0.6931471805599453,1,Normal
0d4393a1abe4dca62098942cc50ba744,284,0.6931471805599453,3.912023005428146,3.912023005428146,0.6931471805599453,1,Normal
0db6b854133b3ee6a248e68e6ffa5476,48,0.6931471805599453,4.3694478524670215,4.3694478524670215,0.6931471805599453,0,VIP
0ddb2a130c4a81cd961fdcaab7b47b8e,386,0.6931471805599453,4.3694478524670215,4.3694478524670215,0.6931471805599453,2,VIP
0e101f12d010ac62d6cf27464fecdbd7,90,0.6931471805599453,3.912023005428146,3.912023005428146,0.6931471805599453,3,Normal
0e2fbb911451e9543d4868911bef905e,328,0.6931471805599453,4.0943445622221,4.0943445622221,0.6931471805599453,1,Normal
0e2fd48c6bf362339bff97193d659b20,89,0.6931471805599453,4.3694478524670215,4.3694478524670215,0.6931471805599453,0,VIP
0e443e6576fe27ebfd16507be8c0b50f,369,0.6931471805599453,4.189654742026425,4.189654742026425,0.6931471805599453,1,Normal
0e5c70882ea4e570d8024b0b767a4cb1,34,0.6931471805599453,4.499809670330265,4.499809670330265,0.6931471805599453,0,VIP
0e7605b7d6890bb5d98446a80b91bca8,43,0.6931471805599453,3.912023005428146,3.912023005428146,0.6931471805599453,3,Normal
0ede223af603b3fc09b367bfd12199a7,353,0.6931471805599453,3.912023005428146,3.912023005428146,0.6931471805599453,1,Normal
0efd5025e6544ef110881866b945d0cc,25,0.6931471805599453,4.02535169073515,4.02535169073515,0.6931471805599453,3,Normal
0f112a2bb59cae2ab5d4e0e129617ae1,32,0.6931471805599453,3.912023005428146,3.912023005428146,0.6931471805599453,3,Normal
0f181a6d0bf0fc4080cb70ddd5ba16a2,112,0.6931471805599453,4.02535169073515,4.02535169073515,0.6931471805599453,1,Normal
0f2270d73dce657f1f50313becbcb120,239,0.6931471805599453,3.8066624897703196,3.8066624897703196,0.6931471805599453,1,Low Value
0fd39b61ec94864f92e18e5d7144bc6c,301,0.6931471805599453,3.912023005428146,3.912023005428146,0.6931471805599453,1,Normal
0fd78845b572a38abebfb7418be19650,162,0.6931471805599453,3.912023005428146,3.912023005428146,0.6931471805599453,1,Normal
1017d22cbb7599ffa7831e6dbd53865d,116,0.6931471805599453,3.912023005428146,3.912023005428146,0.6931471805599453,1,Normal
10239d0c1462fbd020dd0157a5b30b2d,436,0.6931471805599453,4.499809670330265,4.499809670330265,0.6931471805599453,2,VIP
104c534e8a01fdeee26f2f3f68109542,194,0.6931471805599453,2.995732273553991,2.995732273553991,0.6931471805599453,2,Low Value
10520c7284568bbf47901ffe4fac680e,124,0.6931471805599453,3.912023005428146,3.912023005428146,0.6931471805599453,1,Normal
10919da10fd0f46b4c9e79cf757d8a09,61,0.6931471805599453,4.3694478524670215,4.3694478524670215,0.6931471805599453,0,VIP
10b73c443113a98b487f083cd049c5f8,197,0.6931471805599453,4.04305126783455,4.04305126783455,0.6931471805599453,1,Normal
10ff81967c0b118cb0dce61eb430df72,71,0.6931471805599453,4.3694478524670215,4.3694478524670215,0.6931471805599453,0,VIP
1104a9f67272a18c1b93c88f5f7d5c22,70,0.6931471805599453,3.828641396489095,3.828641396489095,0.6931471805599453,3,Low Value
111ef6f75d611570a0be3f092ec1378c,130,0.6931471805599453,4.983606621708336,4.983606621708336,0.6931471805599453,0,VIP
1131d0d5f1d88abc31671dc4d50371df,472,0.6931471805599453,4.02535169073515,4.02535169073515,0.6931471805599453,2,Normal
1151fa77d166e5fee9f01df0100ba12f,40,0.6931471805599453,3.912023005428146,3.912023005428146,0.6931471805599453,3,Normal
115fa5348efcfb9e8640bcac0bc2c13e,417,0.6931471805599453,3.8066624897703196,3.8066624897703196,0.6931471805599453,2,Low Value
11c8f55ff5c36c2703e7228d093adb53,421,0.6931471805599453,4.0943445622221,4.0943445622221,0.6931471805599453,2,Normal
11d2188ce598db142d37bc237bf3f291,186,0.6931471805599453,3.912023005428146,3.912023005428146,0.6931471805599453,1,Normal
11d50f6650125d144e24ce5b8faa9c0d,234,0.6931471805599453,4.3694478524670215,4.3694478524670215,0.6931471805599453,1,VIP
11dbab1a0e0a7520a736c97d653531d3,98,0.6931471805599453,4.248495242049359,4.248495242049359,0.6931471805599453,1,Normal
11eef40cbc0b135c810e14bb7e4afb55,453,0.6931471805599453,4.248495242049359,4.248495242049359,0.6931471805599453,2,Normal
122d5d77ab33d56a3b0ec740c923dcaa,322,0.6931471805599453,3.912023005428146,3.912023005428146,0.6931471805599453,1,Normal
12780b31b51f182e4791c197f23dd48f,503,0.6931471805599453,4.060443010546419,4.060443010546419,0.6931471805599453,2,Normal
127dc2b3f386b02b97875626cc80adf4,189,0.6931471805599453,4.02535169073515,4.02535169073515,0.6931471805599453,1,Normal
12e7b097386af1c4279a1d3bc9bee056,119,0.6931471805599453,3.912023005428146,3.912023005428146,0.6931471805599453,1,Normal
12f2a93bb9b82b9a89b3d7f18c9e6851,283,0.6931471805599453,3.4011973816621555,3.4011973816621555,0.6931471805599453,2,Low Value
131b8a51429529f4e57e8faa1b87ff4f,514,1.0986122886681096,4.8283137373023015,4.143134726391533,1.0986122886681096,4,VIP
132c2e3265b78ffb86797263845c7e0d,533,0.6931471805599453,3.912023005428146,3.912023005428146,0.6931471805599453,2,Normal
136bb390be82b2f669d8805d4c3a3f76,226,0.6931471805599453,5.298317366548036,5.298317366548036,0.6931471805599453,0,VIP
1377d9215edc3e6561ea64d1287f215f,326,0.6931471805599453,3.912023005428146,3.912023005428146,0.6931471805599453,1,Normal
138ff1f6d99b817b8af590d49696da7a,120,0.6931471805599453,3.4011973816621555,3.4011973816621555,0.6931471805599453,3,Low Value
13978827340103c624d10b58ffa9ebde,250,0.6931471805599453,3.912023005428146,3.912023005428146,0.6931471805599453,1,Normal
13b0f9d0a3ffa0befccaeb97a3689135,405,0.6931471805599453,3.912023005428146,3.912023005428146,0.6931471805599453,2,Normal
13b3d4ae686949a84eb2757991cad8b6,214,0.6931471805599453,3.912023005428146,3.912023005428146,0.6931471805599453,1,Normal
1412a71cfa4f44a7e5473220f820b4d9,26,0.6931471805599453,4.90527477843843,3.821368637160015,1.3862943611198906,0,VIP
141d57aadf94984e72de1bd1cc87c8ab,552,0.6931471805599453,3.4011973816621555,3.4011973816621555,0.6931471805599453,2,Low Value
1421b80840e3f8f5082046e8bdc1e9ff,515,0.6931471805599453,3.828641396489095,3.828641396489095,0.6931471805599453,2,Low Value
143b40fd55a00ba0dc549aee4380ff5a,413,0.6931471805599453,3.4011973816621555,3.4011973816621555,0.6931471805599453,2,Low Value
14650aba2993d5db931ecd1ff160714a,14,0.6931471805599453,4.356708826689592,4.356708826689592,0.6931471805599453,0,VIP
14fdd103f3139376fee69c48bccd15dc,449,0.6931471805599453,5.700443573390686,5.0106352940962555,1.0986122886681096,0,VIP
14ff354fb345f1801c04a61e7a357675,261,0.6931471805599453,4.574710978503383,3.4965075614664802,1.3862943611198906,1,VIP
1548bc80a31dda4f50d410473d88475d,202,0.6931471805599453,3.912023005428146,3.912023005428146,0.6931471805599453,1,Normal
15555e5d36681ed0f1991d187f946cf8,338,0.6931471805599453,3.912023005428146,3.912023005428146,0.6931471805599453,1,Normal
1556832478b62ecc7322e3c27aab2af6,327,0.6931471805599453,4.499809670330265,4.499809670330265,0.6931471805599453,1,VIP
1588c72819d371d7aa1c8a5e88189326,47,0.6931471805599453,5.521460917862246,5.521460917862246,0.6931471805599453,0,VIP
159e6bf903d5fe23713eb79a7555fcb3,292,0.6931471805599453,5.298317366548036,5.298317366548036,0.6931471805599453,0,VIP
15a33d71521853eefc0976cef8249065,25,0.6931471805599453,4.02535169073515,4.02535169073515,0.6931471805599453,3,Normal
160adc55ae0fa7fd58951c99b0a78817,441,0.6931471805599453,4.983606621708336,4.983606621708336,0.6931471805599453,0,VIP
1676405e2b5606d627b0b170eca02eba,199,0.6931471805599453,4.248495242049359,4.248495242049359,0.6931471805599453,1,Normal
16840fe27040d55fedbd956d8b575774,43,0.6931471805599453,3.4011973816621555,3.4011973816621555,0.6931471805599453,3,Low Value
16a845f59b445d33206af8c7ddebb2de,412,0.6931471805599453,3.9316295350670645,3.9316295350670645,0.6931471805599453,2,Normal
16b19abad3a7a020ac59a70da5801dac,60,0.6931471805599453,4.564348191467836,4.564348191467836,0.6931471805599453,0,VIP
16c8e42089546fde55ed3caa46478e7a,157,0.6931471805599453,3.4011973816621555,3.4011973816621555,0.6931471805599453,2,Low Value
16d913dbb6d7cd6aac5e54910b078d02,383,0.6931471805599453,4.07753744390572,3.4011973816621555,1.0986122886681096,2,Normal
1711d45a24a27a32bdf35537e866d0f4,381,0.6931471805599453,4.727387818712341,4.04305126783455,1.0986122886681096,0,VIP
171a5d2ec4b9b6b909c61d68c5c94a2a,350,0.6931471805599453,5.298317366548036,5.298317366548036,0.6931471805599453,0,VIP
1751529136683b2e8022bfd277fddc84,451,0.6931471805599453,3.912023005428146,3.912023005428146,0.6931471805599453,2,Normal
17aa75fb1cf7aae916c7fab96ffc35bf,510,0.6931471805599453,5.0689042022202315,4.382026634673881,1.0986122886681096,0,VIP
17c97b48b6b64ccec719ef68ee0ffc38,36,0.6931471805599453,3.912023005428146,3.912023005428146,0.6931471805599453,3,Normal
17d8f44ee9ec12b7d8a22ccfbfd647c4,525,0.6931471805599453,4.605170185988092,4.605170185988092,0.6931471805599453,2,VIP
17dcd0231c9282cb6be4216af1df4d3f,238,0.6931471805599453,3.912023005428146,3.912023005428146,0.6931471805599453,1,Normal
18057955f3a6909f6fc6cf564179b6cf,289,0.6931471805599453,4.02535169073515,4.02535169073515,0.6931471805599453,1,Normal
1826ecdc4cd31e0b88b3d1a29da4768b,460,0.6931471805599453,3.912023005428146,3.912023005428146,0.6931471805599453,2,Normal
182e92ace06fb8e0107a4ebfffc01611,327,0.6931471805599453,4.382026634673881,4.382026634673881,0.6931471805599453,1,VIP
184cdf3dff3b959c3e4eea45788b828b,153,0.6931471805599453,4.02535169073515,4.02535169073515,0.6931471805599453,1,Normal
1886a3ec265c6f5cfa1525e5be5bb084,114,0.6931471805599453,3.4011973816621555,3.4011973816621555,0.6931471805599453,3,Low Value
1891257b1ab8736f1dbc9ab4cdc169cf,233,0.6931471805599453,3.4011973816621555,3.4011973816621555,0.6931471805599453,2,Low Value
18a70239bc8f3714d78921fe744bc771,372,0.6931471805599453,5.075173815233827,5.075173815233827,0.6931471805599453,0,VIP
18cdc62233f6cf7e9c71291900e49eaf,452,0.6931471805599453,3.912023005428146,3.912023005428146,0.6931471805599453,2,Normal
18f13a4030ea2c8f9faf14771f09d8f6,35,0.6931471805599453,3.4011973816621555,3.4011973816621555,0.6931471805599453,3,Low Value
18f17efd50fd7e9595cc1a40205c937c,367,0.6931471805599453,3.4011973816621555,3.4011973816621555,0.6931471805599453,2,Low Value
18f712b6345db3bfdbb435f03a3eeb40,229,0.6931471805599453,3.9316295350670645,3.9316295350670645,0.6931471805599453,1,Normal
19078fff11340346a5660a1776473bb2,299,0.6931471805599453,3.4011973816621555,3.4011973816621555,0.6931471805599453,2,Low Value
19155174f7c66d50d2021547e0ce3f55,24,0.6931471805599453,3.912023005428146,3.912023005428146,0.6931471805599453,3,Normal
198fa73f9282fb46d9b5b5c25394b7e1,14,0.6931471805599453,3.784189633918261,3.784189633918261,0.6931471805599453,3,Low Value
19a589165490fdd58381a271750e959f,246,0.6931471805599453,3.912023005428146,3.912023005428146,0.6931471805599453,1,Normal
19b0839f7a896861cff91c416fdcf911,31,0.6931471805599453,3.4011973816621555,3.4011973816621555,0.6931471805599453,3,Low Value
19c476e5937deb6adc3240137af8f786,31,0.6931471805599453,4.3694478524670215,4.3694478524670215,0.6931471805599453,0,VIP
19f735a9a58a187253055f9d4bcc2bb6,315,0.6931471805599453,4.02535169073515,4.02535169073515,0.6931471805599453,1,Normal
1a02c9d58abcc85c5c4470f60123e207,283,0.6931471805599453,4.248495242049359,4.248495242049359,0.6931471805599453,1,Normal
1a091e1375e834f4fd228a1d4842f923,458,0.6931471805599453,5.0106352940962555,5.0106352940962555,0.6931471805599453,0,VIP
1a16ea972fbd55a30253c38d98c2e39e,361,0.6931471805599453,5.298317366548036,5.298317366548036,0.6931471805599453,0,VIP
1a3497c1968b8a64c45e06d0ec3e3c4e,295,0.6931471805599453,5.0106352940962555,5.0106352940962555,0.6931471805599453,0,VIP
1a6438a984d445362318019dc21897a1,410,0.6931471805599453,3.912023005428146,3.912023005428146,0.6931471805599453,2,Normal
1a716867d4991435608b0c3296384801,226,0.6931471805599453,4.852030263919617,4.1666652238017265,1.0986122886681096,0,VIP
1a9e2569c5a6ab5e906044c5994e5609,294,0.6931471805599453,3.4011973816621555,3.4011973816621555,0.6931471805599453,2,Low Value
1aa85ba28c3cd559b28ce5f7f147eeb9,296,0.6931471805599453,3.4011973816621555,3.4011973816621555,0.6931471805599453,2,Low Value
1aa97204cf5a53999fc0052067895ef7,80,0.6931471805599453,4.04305126783455,4.04305126783455,0.6931471805599453,3,Normal
1ab743a11d1bf7d2cec4e91697f076f9,118,0.6931471805599453,4.770684624465665,3.6888794541139363,1.3862943611198906,0,VIP
1abc36c4380241b8d24c8191195fdcd7,355,0.6931471805599453,3.4011973816621555,3.4011973816621555,0.6931471805599453,2,Low Value
1aefdb169d82d349ff074518bab4876a,302,0.6931471805599453,3.4011973816621555,3.4011973816621555,0.6931471805599453,2,Low Value
1b1576cb4a4bf458bd71fdd86020ea7e,293,0.6931471805599453,5.247024072160486,5.247024072160486,0.6931471805599453,0,VIP
1b25ea1318d69e729374305c521abdb8,20,0.6931471805599453,4.02535169073515,4.02535169073515,0.6931471805599453,3,Normal
1b8258689b0a6aa90736f890f3685614,544,0.6931471805599453,3.6888794541139363,3.6888794541139363,0.6931471805599453,2,Low Value
1bb24948a31a2ee3e71f6be59e0dc971,131,0.6931471805599453,4.02535169073515,4.02535169073515,0.6931471805599453,1,Normal
1bcfd58ac63430727939e53e2e66cc13,122,0.6931471805599453,3.912023005428146,3.912023005428146,0.6931471805599453,1,Normal
1bf8b36d725e5d083cdf35b40bf69a36,494,0.6931471805599453,4.382026634673881,4.382026634673881,0.6931471805599453,2,VIP
1c12fb820ab4fda07eb3d72f03c5ac3b,9,0.6931471805599453,5.521460917862246,5.521460917862246,0.6931471805599453,0,VIP
1c7654b568e0413ca7b8f7a891d7b26b,300,0.6931471805599453,4.0943445622221,4.0943445622221,0.6931471805599453,1,Normal
1c874134581bd9cceb6092e5f21ff670,299,0.6931471805599453,4.248495242049359,4.248495242049359,0.6931471805599453,1,Normal
1c91bfda3de987458a8b26a4feb9c2fc,406,0.6931471805599453,3.8066624897703196,3.8066624897703196,0.6931471805599453,2,Low Value
1ca3278dd5d709d9daa7f6c0536f094a,83,0.6931471805599453,4.564348191467836,4.564348191467836,0.6931471805599453,0,VIP
1cc24255ee6fb748bb8d8d83e0fc7569,128,0.6931471805599453,4.248495242049359,4.248495242049359,0.6931471805599453,1,Normal
1ce1097b476f97ea37d805251c5c74ba,365,0.6931471805599453,4.442651256490317,3.7612001156935624,1.0986122886681096,2,VIP
1ce10f79b3cccc47a14584c36d9cf4fc,315,0.6931471805599453,4.3694478524670215,3.6888794541139363,1.0986122886681096,1,VIP
1cec9791df8f2c24491b0d9a50ab7228,14,0.6931471805599453,4.605170185988092,4.605170185988092,0.6931471805599453,0,VIP
1cf96944b82b35e8e5e620208a66afa7,395,0.6931471805599453,4.02535169073515,4.02535169073515,0.6931471805599453,2,Normal
1d2e91246c1c08bbea79608f21649698,74,0.6931471805599453,4.564348191467836,4.564348191467836,0.6931471805599453,0,VIP
1d5f5134509b38f0cf262b07b36ace38,385,0.6931471805599453,3.4011973816621555,3.4011973816621555,0.6931471805599453,2,Low Value
1dbbe60fd136caa3b2b8e2c9f5bc9db2,293,0.6931471805599453,3.4011973816621555,3.4011973816621555,0.6931471805599453,2,Low Value
1dcc7becfd4d62e031998c70eb24bae0,206,0.6931471805599453,4.787491742782046,4.787491742782046,0.6931471805599453,0,VIP
1dd9296d401744dad9284d37b82d6247,87,0.6931471805599453,3.828641396489095,3.828641396489095,0.6931471805599453,3,Low Value
1e79495ec1bed473073aae92ff090b2b,399,0.6931471805599453,3.912023005428146,3.912023005428146,0.6931471805599453,2,Normal
1e87a5884d54659f918bece1cf475a30,249,0.6931471805599453,4.564348191467836,4.564348191467836,0.6931471805599453,1,VIP
1efa9b085b8519072a58faacd095fc2b,285,0.6931471805599453,4.02535169073515,4.02535169073515,0.6931471805599453,1,Normal
1f6367edb0fea9f9e46e166da67406ec,277,0.6931471805599453,4.0943445622221,4.0943445622221,0.6931471805599453,1,Normal
1f7e66899db77ffcb466b245bd594df8,40,0.6931471805599453,3.912023005428146,3.912023005428146,0.6931471805599453,3,Normal
1fe94445d73fea2425589dea8942c3d1,284,0.6931471805599453,3.4011973816621555,3.4011973816621555,0.6931471805599453,2,Low Value
208f16046ce55e17da72af978f143458,27,0.6931471805599453,4.330733340286331,4.330733340286331,0.6931471805599453,0,VIP
2092a83c9b00bdad49c0d1789112ff51,204,0.6931471805599453,4.248495242049359,4.248495242049359,0.6931471805599453,1,Normal
20932bc8d54ddc2818b7539fd4a13c4d,309,0.6931471805599453,3.4011973816621555,3.4011973816621555,0.6931471805599453,2,Low Value
20a892f8929558824fe2abf43d858bcb,70,0.6931471805599453,4.248495242049359,4.248495242049359,0.6931471805599453,0,Normal
20bedddbb25ad10025d407584e4f66bd,280,0.6931471805599453,4.248495242049359,4.248495242049359,0.6931471805599453,1,Normal
20c48918dcea7cd156fce33f9a357fd8,258,0.6931471805599453,4.02535169073515,4.02535169073515,0.6931471805599453,1,Normal
20c983f3374bd68264a892c145d2c2d4,47,0.6931471805599453,5.298317366548036,5.298317366548036,0.6931471805599453,0,VIP
213489684133d855d27b9ae5661b468d,113,0.6931471805599453,5.247024072160486,5.247024072160486,0.6931471805599453,0,VIP
214fd9ac9d7c04cf1e736cc065114d69,464,0.6931471805599453,3.6375861597263857,3.6375861597263857,0.6931471805599453,2,Low Value
215cc2b07a8142021155670b573a671f,276,0.6931471805599453,4.248495242049359,4.248495242049359,0.6931471805599453,1,Normal
215d7119ee04ba8fdd85407e222b90da,265,0.6931471805599453,4.564348191467836,4.564348191467836,0.6931471805599453,1,VIP
2168fa43345b9afaa92ec4064093df0d,319,0.6931471805599453,5.298317366548036,5.298317366548036,0.6931471805599453,0,VIP
2193383c470dc9cec894ce78afd0ebd6,188,0.6931471805599453,3.912023005428146,3.912023005428146,0.6931471805599453,1,Normal
21a4f6ed42f5a4ad4e3bb512cb0ffc10,363,0.6931471805599453,3.912023005428146,3.912023005428146,0.6931471805599453,1,Normal
21b8eb5599a6aa6e18afd081fef1eb7d,284,0.6931471805599453,4.248495242049359,4.248495242049359,0.6931471805599453,1,Normal
21c3cb2e65b7575d9e079f7be7987d3c,320,0.6931471805599453,4.189654742026425,4.189654742026425,0.6931471805599453,1,Normal
22c05efd13a78e3d82eca52589e0313c,223,0.6931471805599453,5.0106352940962555,5.0106352940962555,0.6931471805599453,0,VIP
22e8b5bc5e81dfa4a832da8f0b1452da,10,0.6931471805599453,4.653960350157523,3.970291913552122,1.0986122886681096,0,VIP
23040ee89b8e44fbb6241f46daafbe11,305,0.6931471805599453,3.912023005428146,3.912023005428146,0.6931471805599453,1,Normal
2321935a5503ae66d938d4d29760b326,114,0.6931471805599453,4.02535169073515,4.02535169073515,0.6931471805599453,1,Normal
2323dd46ef58a7ca6c4785a4e83224b2,239,0.6931471805599453,4.0943445622221,4.0943445622221,0.6931471805599453,1,Normal
235090c4bed5547bd98a4dfb54f3a4d0,313,0.6931471805599453,4.499809670330265,4.499809670330265,0.6931471805599453,1,VIP
235baa608e478f28346f4f732009e013,158,0.6931471805599453,3.4011973816621555,3.4011973816621555,0.6931471805599453,2,Low Value
238fd7578b78d47cae8aeba6806c4f68,379,0.6931471805599453,4.74493212836325,4.060443010546419,1.0986122886681096,0,VIP
23a483df82cc141b1b260e5d4ac6fae0,374,0.6931471805599453,3.8066624897703196,3.8066624897703196,0.6931471805599453,2,Low Value
23ae1bfb4297222c1b522172809a7ca1,95,1.0986122886681096,4.477336814478207,3.1245651453969594,1.6094379124341003,4,VIP
23c536b39a65168e3e34354b80b4ecf2,355,0.6931471805599453,3.912023005428146,3.912023005428146,0.6931471805599453,1,Normal
23d4f3fb1c76162bd81ed379927ffae2,83,0.6931471805599453,3.58351893845611,3.58351893845611,0.6931471805599453,3,Low Value
23f1b9f888e9842d13f8324c598d0759,42,0.6931471805599453,4.564348191467836,4.564348191467836,0.6931471805599453,0,VIP
23f96accb30941942f28b43abe179046,511,0.6931471805599453,3.912023005428146,3.912023005428146,0.6931471805599453,2,Normal
240c5abec165ada0d6479f5e09f8910f,129,0.6931471805599453,3.4011973816621555,3.4011973816621555,0.6931471805599453,3,Low Value
244cb82d0f8b2a4c5fc0e791f822ed3c,347,0.6931471805599453,3.912023005428146,3.912023005428146,0.6931471805599453,1,Normal
247e5800f22950ce58eb2b9bf273a205,18,0.6931471805599453,4.0943445622221,4.0943445622221,0.6931471805599453,3,Normal
2491c769c206ac9a83243f4150aebbd0,196,0.6931471805599453,3.912023005428146,3.912023005428146,0.6931471805599453,1,Normal
24bc45b93041e78e892e0f0fd92104d4,309,0.6931471805599453,4.07753744390572,3.4011973816621555,1.0986122886681096,1,Normal
24e3176088f411887030891a3475f34f,316,0.6931471805599453,4.248495242049359,4.248495242049359,0.6931471805599453,1,Normal
24ee0e579a75f7f99be0ad7a787e455c,234,0.6931471805599453,4.02535169073515,4.02535169073515,0.6931471805599453,1,Normal
2511b2cb0bc9e10029502620f5c16550,83,0.6931471805599453,4.969813299576001,3.884994333040227,1.3862943611198906,0,VIP
254c6a3aa297c81feb8742d041f46679,56,0.6931471805599453,4.02535169073515,4.02535169073515,0.6931471805599453,3,Normal
2561023f61c7d5fc01d67f259a83d3cd,76,0.6931471805599453,4.04305126783455,4.04305126783455,0.6931471805599453,3,Normal
258bf670475ab616bfdd44eff13f52d7,274,0.6931471805599453,3.912023005428146,3.912023005428146,0.6931471805599453,1,Normal
25c092bd41435b85c8654522e96b5d33,38,0.6931471805599453,4.564348191467836,4.564348191467836,0.6931471805599453,0,VIP
25eb1743ab6f01c25e0162a46e41d9cc,33,0.6931471805599453,3.8066624897703196,3.8066624897703196,0.6931471805599453,3,Low Value
26624b9399ad6aa028a09e30e63cd696,107,0.6931471805599453,4.59511985013459,3.912023005428146,1.0986122886681096,0,VIP
269e9310d76fc671774db3c52a523b9e,321,0.6931471805599453,4.499809670330265,4.499809670330265,0.6931471805599453,1,VIP
26b9edfcfdca5ddd162feeaf03b232f9,400,0.6931471805599453,3.4011973816621555,3.4011973816621555,0.6931471805599453,2,Low Value
26c7533afb609f03f267ccd7741c0d07,355,0.6931471805599453,4.0943445622221,4.0943445622221,0.6931471805599453,1,Normal
26e401ee01d4ab4ff1c1346e71d1dfdb,230,0.6931471805599453,3.4011973816621555,3.4011973816621555,0.6931471805599453,2,Low Value
26f835eefbca97e6b6e21f0180e2836b,86,0.6931471805599453,4.3694478524670215,4.3694478524670215,0.6931471805599453,0,VIP
2707694d2e0e2505aa0e5aae6bf6d936,327,0.6931471805599453,4.553876891600541,3.8712010109078907,1.0986122886681096,1,VIP
270998894092f5d408b78a4a8b9835c8,549,0.6931471805599453,3.4011973816621555,3.4011973816621555,0.6931471805599453,2,Low Value
27116c085ee5d78e6074c3f1103ae609,132,0.6931471805599453,4.3694478524670215,4.3694478524670215,0.6931471805599453,1,VIP
2758635d877f4093425fa0d2a7f917d4,112,0.6931471805599453,3.828641396489095,3.828641396489095,0.6931471805599453,1,Low Value
2770b17e8e78edd09f744d8199243557,84,0.6931471805599453,3.828641396489095,3.828641396489095,0.6931471805599453,3,Low Value
278256c4e23f585212de04f1ae53d9d2,384,0.6931471805599453,3.4011973816621555,3.4011973816621555,0.6931471805599453,2,Low Value
27a86380645cebe40eec58e724b3a853,68,0.6931471805599453,4.02535169073515,4.02535169073515,0.6931471805599453,3,Normal
27af998791f3f0f3eeb206d1f76ee30d,72,0.6931471805599453,4.02535169073515,4.02535169073515,0.6931471805599453,3,Normal
27d79cba68ba1f1873245f9d1c45b0e0,105,0.6931471805599453,3.6888794541139363,3.6888794541139363,0.6931471805599453,3,Low Value
27e181e45fca27217ab5be6a014c6add,376,0.6931471805599453,4.3694478524670215,4.3694478524670215,0.6931471805599453,2,VIP
27ef96372042804a66039f87fcb7aa92,166,0.6931471805599453,3.912023005428146,3.912023005428146,0.6931471805599453,1,Normal
28159e14ccceb47cea801c301b8b102d,266,0.6931471805599453,3.912023005428146,3.912023005428146,0.6931471805599453,1,Normal
2822fb97bf696ca53a1ecb48ba91d288,226,0.6931471805599453,4.04305126783455,4.04305126783455,0.6931471805599453,1,Normal
2833fe0b4fd9b6ee8191cd7fb13f6ca9,294,0.6931471805599453,3.912023005428146,3.912023005428146,0.6931471805599453,1,Normal
284e36d78d3a3a395cae7fe335fc8371,331,0.6931471805599453,4.48863636973214,3.8066624897703196,1.0986122886681096,1,VIP
286af58dd53e53cac21c7985527712ce,29,0.6931471805599453,4.3694478524670215,4.3694478524670215,0.6931471805599453,0,VIP
286d8f01f94a8061cef05c7c49efd8a9,301,0.6931471805599453,3.912023005428146,3.912023005428146,0.6931471805599453,1,Normal
28aea3e12549a3611bbd8d4e3310e4fa,89,1.0986122886681096,5.272999558563747,4.584967478670572,1.0986122886681096,4,VIP
292efecbfd48ae86505f777f955ac096,134,0.6931471805599453,4.709530201312334,4.02535169073515,1.0986122886681096,0,VIP
293288aaefbcbbf0519124d02214114d,158,0.6931471805599453,3.4011973816621555,3.4011973816621555,0.6931471805599453,2,Low Value
297b0df27a85a8c6c3ba6600a4142d52,76,0.6931471805599453,4.3694478524670215,4.3694478524670215,0.6931471805599453,0,VIP
297f25d165987a0979a138aa7529d19d,16,0.6931471805599453,4.330733340286331,4.330733340286331,0.6931471805599453,0,VIP
29a3864fba872cf894be7ffadc1dc8b8,269,0.6931471805599453,4.3694478524670215,4.3694478524670215,0.6931471805599453,1,VIP
29db941a9cb48054e4d48f5feed6eefa,528,0.6931471805599453,3.8066624897703196,3.8066624897703196,0.6931471805599453,2,Low Value
29f61e71b90b55a988f45a66bb91bfb7,355,0.6931471805599453,3.4011973816621555,3.4011973816621555,0.6931471805599453,2,Low Value
29fbb2801362f8857a80e4c1a0c74aa5,253,0.6931471805599453,3.9316295350670645,3.9316295350670645,0.6931471805599453,1,Normal
2a18f594fb3541a8f06e5ac01cbea8f0,385,0.6931471805599453,3.912023005428146,3.912023005428146,0.6931471805599453,2,Normal
2a755533cd57e55764b968b579014ba2,40,0.6931471805599453,4.02535169073515,4.02535169073515,0.6931471805599453,3,Normal
2af65d0f2938791be476dab232a23c43,90,0.6931471805599453,4.02535169073515,4.02535169073515,0.6931471805599453,3,Normal
2b0bda017562cf8484be73cf9b0e0d9c,322,0.6931471805599453,3.6888794541139363,3.6888794541139363,0.6931471805599453,1,Low Value
2b1ea6e2d2bb34d706e882cbbe4f05b2,118,0.6931471805599453,4.3694478524670215,4.3694478524670215,0.6931471805599453,1,VIP
2b5f3f418c9fbfbeb2eefd43943f95c4,269,0.6931471805599453,3.912023005428146,3.912023005428146,0.6931471805599453,1,Normal
2b5f40a486d41028b4c3a859941dbe66,36,0.6931471805599453,4.02535169073515,4.02535169073515,0.6931471805599453,3,Normal
2b775b75afa0be08220fb73a7e68df3b,308,0.6931471805599453,3.6888794541139363,3.6888794541139363,0.6931471805599453,1,Low Value
2ba1a2112bd77282cdabc322c353ff1d,514,0.6931471805599453,3.912023005428146,3.912023005428146,0.6931471805599453,2,Normal
2ba2a64ec7aa8e278ddc59615dcd4dcc,457,0.6931471805599453,3.912023005428146,3.912023005428146,0.6931471805599453,2,Normal
2bbb58ae225973d1f65a18140cbf0c4e,217,0.6931471805599453,4.624972813284271,3.9415818076696905,1.0986122886681096,1,VIP
2bd2fb59c13d0f0ed21774c54ddb866b,224,0.6931471805599453,4.3694478524670215,4.3694478524670215,0.6931471805599453,1,VIP
2bfa1c994cd7471d73f27df147b62ee9,73,0.6931471805599453,4.454347296253507,4.454347296253507,0.6931471805599453,0,VIP
2c1e1a424b3426cfb207bc61849b4203,123,0.6931471805599453,3.912023005428146,3.912023005428146,0.6931471805599453,1,Normal
2c3a5fa3cac8eab6568cf47c4f7f6624,419,0.6931471805599453,4.499809670330265,4.499809670330265,0.6931471805599453,2,VIP
2c53cb714cd777eabc8a3ec12568e3cd,19,0.6931471805599453,4.3694478524670215,4.3694478524670215,0.6931471805599453,0,VIP
2c5f078ce487f33ee23c7b11e13ddc97,89,0.6931471805599453,4.02535169073515,4.02535169073515,0.6931471805599453,3,Normal
2c76a9335908716adfea7acbb381c840,457,0.6931471805599453,3.912023005428146,3.912023005428146,0.6931471805599453,2,Normal
2ca27ef6f20adeabb3c9c3e43e7ad17b,55,0.6931471805599453,5.093750200806762,4.007333185232471,1.3862943611198906,0,VIP
2ca59de5f065107ef5add18625776bdb,280,0.6931471805599453,3.4011973816621555,3.4011973816621555,0.6931471805599453,2,Low Value
2cc8268b531325af4ee0657cbedfd572,316,0.6931471805599453,4.248495242049359,4.248495242049359,0.6931471805599453,1,Normal
2ccc5d0620e07e3b54b83848c31a08fa,171,0.6931471805599453,4.0943445622221,4.0943445622221,0.6931471805599453,1,Normal
2d73921f8b657537c34508cc330e022e,269,0.6931471805599453,3.4011973816621555,3.4011973816621555,0.6931471805599453,2,Low Value
2d7cb41d9029236b370d753170c2818d,525,0.6931471805599453,4.584865432647727,3.901871654371771,1.0986122886681096,2,VIP
2e15bb92fa33e06e35287ea4d1cafe05,357,0.6931471805599453,3.4011973816621555,3.4011973816621555,0.6931471805599453,2,Low Value
2e366b0c6451864364bab2e7917ca1bb,461,1.0986122886681096,4.59511985013459,3.912023005428146,1.0986122886681096,4,VIP
2e3e726bbef1b330208c1e746281ceaa,18,0.6931471805599453,3.6888794541139363,3.6888794541139363,0.6931471805599453,3,Low Value
2e503fc08c079d8630aa42b19b1ec394,39,0.6931471805599453,4.3694478524670215,4.3694478524670215,0.6931471805599453,0,VIP
2e8c309e3c6b45f7aa179c7db44a1986,103,0.6931471805599453,3.4011973816621555,3.4011973816621555,0.6931471805599453,3,Low Value
2e9cf079f043957ca70e58ac23e1c0b7,61,0.6931471805599453,4.02535169073515,4.02535169073515,0.6931471805599453,3,Normal
2ebf772cd33795ce8176fc8b1387e128,78,0.6931471805599453,4.3694478524670215,4.3694478524670215,0.6931471805599453,0,VIP
2ec2e8e0032d1f21c997fe6276b767ce,306,0.6931471805599453,5.247024072160486,5.247024072160486,0.6931471805599453,0,VIP
2ec904e60190e21e22178cf6b3c44a7e,125,0.6931471805599453,3.828641396489095,3.828641396489095,0.6931471805599453,1,Low Value
2ee7ec1f76d53708b7665e5b28a80ff1,34,0.6931471805599453,4.736198448394496,4.051784947803305,1.0986122886681096,0,VIP
2ef256b046ef8661f3297e6d2eb04fed,101,0.6931471805599453,5.298317366548036,5.298317366548036,0.6931471805599453,0,VIP
2f2f9c426e13e8a1a9c89191d632e0a9,480,0.6931471805599453,3.912023005428146,3.912023005428146,0.6931471805599453,2,Normal
2f3ffd9f28e0a140401a51e8ec5ec4d6,30,0.6931471805599453,4.77912349311153,4.0943445622221,1.0986122886681096,0,VIP
2f44b1531bcc638088bea8fa3415bb2b,356,0.6931471805599453,3.912023005428146,3.912023005428146,0.6931471805599453,1,Normal
2f4caaa523ad6f3d695a5e698263cd05,267,0.6931471805599453,4.07753744390572,3.4011973816621555,1.0986122886681096,1,Normal
2f5310ddeaf98eafea76a45cb17a8a5a,26,0.6931471805599453,3.912023005428146,3.912023005428146,0.6931471805599453,3,Normal
2f53a09bfca049656dd9b86d305bb972,162,0.6931471805599453,3.4011973816621555,3.4011973816621555,0.6931471805599453,2,Low Value
2f7853759e65f9ee58e4fad9d5dc6b67,358,0.6931471805599453,4.189654742026425,4.189654742026425,0.6931471805599453,1,Normal
2faf78e5bfb2808753f951e111b1ba2e,31,0.6931471805599453,3.4011973816621555,3.4011973816621555,0.6931471805599453,3,Low Value
2fdd60147e67dd66778b746379a18c1f,432,0.6931471805599453,4.330733340286331,4.330733340286331,0.6931471805599453,2,VIP
2fe7af86d0ce52d2653e6936d57d266c,281,0.6931471805599453,5.247024072160486,5.247024072160486,0.6931471805599453,0,VIP
3000789cac7055c02dc351bf33a821a1,325,0.6931471805599453,4.983606621708336,4.983606621708336,0.6931471805599453,0,VIP
306200c5476e8e989338402512e219a8,283,0.6931471805599453,3.4011973816621555,3.4011973816621555,0.6931471805599453,2,Low Value
308abcd36b8ee155c308c009e0383dfb,283,0.6931471805599453,3.912023005428146,3.912023005428146,0.6931471805599453,1,Normal
309e2d06659c22953fcd09a1f36ceaba,295,0.6931471805599453,3.912023005428146,3.912023005428146,0.6931471805599453,1,Normal
30a7c7292c38ac22477fcb75306ac4ef,146,0.6931471805599453,4.3694478524670215,4.3694478524670215,0.6931471805599453,1,VIP
30d5567553ba8886193ad181d4dec796,42,0.6931471805599453,3.828641396489095,3.828641396489095,0.6931471805599453,3,Low Value
3119c7d0881db14f17f27bc80b245b48,292,0.6931471805599453,4.02535169073515,4.02535169073515,0.6931471805599453,1,Normal
314259ece6a9207c6fc02d925fc996b9,190,0.6931471805599453,4.74493212836325,4.060443010546419,1.0986122886681096,0,VIP
318abc8bb78861a558cefed27f4540fb,396,0.6931471805599453,4.189654742026425,4.189654742026425,0.6931471805599453,2,Normal
318bd12e1c1068f2f0893f1c225813fe,299,0.6931471805599453,4.8283137373023015,4.143134726391533,1.0986122886681096,0,VIP
31d3e4ea0bd3eded67809f54889f56a2,19,0.6931471805599453,5.075173815233827,3.9889840465642745,1.3862943611198906,0,VIP
31d671b9dc337c7844e0ad268bd27685,260,0.6931471805599453,5.247024072160486,5.247024072160486,0.6931471805599453,0,VIP
3206043ea03fcb31dbf3d5ac293dbca8,354,0.6931471805599453,3.6888794541139363,3.6888794541139363,0.6931471805599453,2,Low Value
322e1b9e5b24a2a76cfa1c109c442c01,32,0.6931471805599453,4.0943445622221,4.0943445622221,0.6931471805599453,3,Normal
3241bdc6e2f2ec8f8b4a69d4643d0bfe,64,0.6931471805599453,4.983606621708336,4.983606621708336,0.6931471805599453,0,VIP
3244c349f0f8e4ec33a820cb7ed2091e,22,0.6931471805599453,3.6888794541139363,3.6888794541139363,0.6931471805599453,3,Low Value
32bead9c6b5f3cbbf61929b5367efa59,48,0.6931471805599453,4.02535169073515,4.02535169073515,0.6931471805599453,3,Normal
32cbf13009b27f34f920a6987b4004fc,291,0.6931471805599453,3.4011973816621555,3.4011973816621555,0.6931471805599453,2,Low Value
32dc2dbca1561d6ce744a1bc75103a71,285,0.6931471805599453,3.4011973816621555,3.4011973816621555,0.6931471805599453,2,Low Value
32ea3bdedab835c3aa6cb68ce66565ef,342,0.6931471805599453,3.912023005428146,3.912023005428146,0.6931471805599453,1,Normal
32ea836b21bcefba824d2b279bc42e53,187,0.6931471805599453,3.912023005428146,3.912023005428146,0.6931471805599453,1,Normal
32fac75226dbbce057b8a9f2a1b1997b,364,0.6931471805599453,4.499809670330265,4.499809670330265,0.6931471805599453,2,VIP
3315d8e49b74ffaddbd56646fb5e79ee,216,0.6931471805599453,4.02535169073515,4.02535169073515,0.6931471805599453,1,Normal
334099ce6fb2daf71f1077d6442eb9a5,253,0.6931471805599453,4.762173934797756,4.07753744390572,1.0986122886681096,0,VIP
3341514b8049f4a268e4188fb0211d34,265,0.6931471805599453,4.31748811353631,3.6375861597263857,1.0986122886681096,1,VIP
33416ee3d4fa56400ec814d7b24bde02,117,0.6931471805599453,4.74493212836325,4.060443010546419,1.0986122886681096,0,VIP
338b674e2479fcfdc47cefeba0a41385,19,0.6931471805599453,4.3694478524670215,4.3694478524670215,0.6931471805599453,0,VIP
3394b34a431d6a6357c188dbc1f8c0d1,80,0.6931471805599453,4.0943445622221,4.0943445622221,0.6931471805599453,3,Normal
33964c1e05980dff6a5b9258e8ca036d,225,0.6931471805599453,4.04305126783455,4.04305126783455,0.6931471805599453,1,Normal
33aa371b7512b6a9fede4f231e212226,352,1.0986122886681096,5.552959584921617,4.4620693423474185,1.3862943611198906,4,VIP
33aca86429de0f71ff7118b93bb09712,266,1.0986122886681096,5.187385805840755,4.499809670330265,1.0986122886681096,4,VIP
33bbccc6d846d288dd80d9486c4a8bd4,75,0.6931471805599453,4.3694478524670215,4.3694478524670215,0.6931471805599453,0,VIP
33d3a7661b75f97d260b3b0cf11deebb,201,0.6931471805599453,3.6888794541139363,3.6888794541139363,0.6931471805599453,1,Low Value
33e2e4bb22badff291de6f2302f01579,530,0.6931471805599453,3.912023005428146,3.912023005428146,0.6931471805599453,2,Normal
33e87f4cf23de91419bc2b65f9052789,368,0.6931471805599453,4.248495242049359,4.248495242049359,0.6931471805599453,1,Normal
33e9fb2265fc2580abaf825eb6eb4292,557,0.6931471805599453,4.0943445622221,4.0943445622221,0.6931471805599453,2,Normal
3443f8095ad309eebbdc8caa8b2bf936,452,0.6931471805599453,3.912023005428146,3.912023005428146,0.6931471805599453,2,Normal
345be17b1f1aed67257c63e6aef84e7b,212,0.6931471805599453,4.787491742782046,4.787491742782046,0.6931471805599453,0,VIP
345eeeb838c3cb47f2938c7014c31e4e,90,0.6931471805599453,4.564348191467836,4.564348191467836,0.6931471805599453,0,VIP
3462632a621a8362bf4d3149b2432842,537,0.6931471805599453,4.867534450455582,4.867534450455582,0.6931471805599453,0,VIP
347d5325d017b14e87632b4e0c7c3a7a,69,0.6931471805599453,4.0943445622221,4.0943445622221,0.6931471805599453,3,Normal
34943ee2359780e0c9757c208a53040c,298,0.6931471805599453,3.912023005428146,3.912023005428146,0.6931471805599453,1,Normal
34d8c6b1190ff7145a174230e2f955a8,454,0.6931471805599453,3.912023005428146,3.912023005428146,0.6931471805599453,2,Normal
35052a34c8cddade15549afde5580e83,62,0.6931471805599453,4.02535169073515,4.02535169073515,0.6931471805599453,3,Normal
350879f9e91bfdd2f0ce335234c07cf6,205,0.6931471805599453,4.248495242049359,4.248495242049359,0.6931471805599453,1,Normal
353bc13dff6fa08e92e174442765da75,81,0.6931471805599453,4.248495242049359,4.248495242049359,0.6931471805599453,0,Normal
354be39d3b37cfd58e73f53cfd0174da,11,0.6931471805599453,4.02535169073515,4.02535169073515,0.6931471805599453,3,Normal
355d02986f51e80adfb8675fbd22202d,262,0.6931471805599453,3.912023005428146,3.912023005428146,0.6931471805599453,1,Normal
357482c4e5b9b6200cc2b37b8a7b46b9,498,0.6931471805599453,4.836281906951478,4.836281906951478,0.6931471805599453,0,VIP
35a4f22fd08c2cf0007129a2ff4e0546,362,0.6931471805599453,3.4011973816621555,3.4011973816621555,0.6931471805599453,2,Low Value
35a8cb2bbe1837f6aeb83864c97742f6,529,0.6931471805599453,3.912023005428146,3.912023005428146,0.6931471805599453,2,Normal
35bbb96d850c5f9ab81302b4dd1670c4,501,0.6931471805599453,4.3694478524670215,3.6888794541139363,1.0986122886681096,2,VIP
35bf77c96c4199cc426de8c6906bf726,19,0.6931471805599453,3.912023005428146,3.912023005428146,0.6931471805599453,3,Normal
35e4158779cbadf3db0525fa1f453ea8,361,0.6931471805599453,5.298317366548036,5.298317366548036,0.6931471805599453,0,VIP
35e8b4c2a64acb75f3bf063d82a8478b,157,0.6931471805599453,4.02535169073515,4.02535169073515,0.6931471805599453,1,Normal
3602c0b7f977119a685bd6031eb44723,362,0.6931471805599453,3.912023005428146,3.912023005428146,0.6931471805599453,1,Normal
360415f9e370307040ea722b260397f5,333,0.6931471805599453,3.912023005428146,3.912023005428146,0.6931471805599453,1,Normal
3624922ce5eb67c51426dadf911508fa,39,0.6931471805599453,3.6888794541139363,3.6888794541139363,0.6931471805599453,3,Low Value
368f9030cf69831fbaea30a3f42118e6,61,0.6931471805599453,4.3694478524670215,4.3694478524670215,0.6931471805599453,0,VIP
36cb06fed5371d8e5ae0074141da1ae2,113,0.6931471805599453,3.912023005428146,3.912023005428146,0.6931471805599453,1,Normal
36cd1438569a7617fba172c014dc48dd,43,0.6931471805599453,4.02535169073515,4.02535169073515,0.6931471805599453,3,Normal
36d715a6f21202f0bd0acbc2c4a32509,39,0.6931471805599453,4.3694478524670215,4.3694478524670215,0.6931471805599453,0,VIP
37130c6869ec1d517e07637dff2e90e3,273,0.6931471805599453,4.983606621708336,4.983606621708336,0.6931471805599453,0,VIP
371f7fb7784b3e2bf70488a01dcc40e3,344,0.6931471805599453,4.867534450455582,4.867534450455582,0.6931471805599453,0,VIP
372047c2b6994bbef7715a199259202e,527,0.6931471805599453,5.0106352940962555,5.0106352940962555,0.6931471805599453,0,VIP
3732599ed383fbdc8558063ae2a042f9,45,0.6931471805599453,3.58351893845611,3.58351893845611,0.6931471805599453,3,Low Value
37493be34f11929c2c86137391dec62c,381,0.6931471805599453,3.912023005428146,3.912023005428146,0.6931471805599453,2,Normal
374f827822f9f82abd263fbce78680e8,49,0.6931471805599453,4.0943445622221,4.0943445622221,0.6931471805599453,3,Normal
375d6fcaace5c048d77184689b991042,35,0.6931471805599453,3.4011973816621555,3.4011973816621555,0.6931471805599453,3,Low Value
37645f13ee7b2244232ac43c6174f98d,276,0.6931471805599453,3.828641396489095,3.828641396489095,0.6931471805599453,1,Low Value
37a9d4e1f5d25c9632995c050fb1b1f2,30,0.6931471805599453,3.912023005428146,3.912023005428146,0.6931471805599453,3,Normal
37cad31590c439fa10440b2b6927b244,416,0.6931471805599453,3.8066624897703196,3.8066624897703196,0.6931471805599453,2,Low Value
37cef7fb8127b7b3f4810de5942df2cd,78,0.6931471805599453,4.3694478524670215,4.3694478524670215,0.6931471805599453,0,VIP
37e388e4c186feb07a22d17f9a4d56f3,222,0.6931471805599453,4.02535169073515,4.02535169073515,0.6931471805599453,1,Normal
37e9028e0245dc5f5f55f11ba2483760,375,0.6931471805599453,4.3694478524670215,4.3694478524670215,0.6931471805599453,2,VIP
3807a9ff75bf4012d9a3d069dc66ae92,112,0.6931471805599453,4.787491742782046,4.787491742782046,0.6931471805599453,0,VIP
382eed2ef04ec2c6afdb28d7492a17f5,43,0.6931471805599453,4.3694478524670215,4.3694478524670215,0.6931471805599453,0,VIP
38661d5602cb078419f411b65e3bdce1,429,0.6931471805599453,4.248495242049359,4.248495242049359,0.6931471805599453,2,Normal
3872dc3409c953b02afd0feda0b1d812,338,0.6931471805599453,5.062531739884758,3.976499024612511,1.3862943611198906,0,VIP
38bcabc3a03ade1e05fe63312e36064c,25,0.6931471805599453,4.564348191467836,4.564348191467836,0.6931471805599453,0,VIP
38ca743e351aa23acb3bc72cc4abdd1e,247,0.6931471805599453,4.3694478524670215,4.3694478524670215,0.6931471805599453,1,VIP
38d6c7a1968ce4bcd8fff3175bb60430,118,0.6931471805599453,5.111987788356544,5.111987788356544,0.6931471805599453,0,VIP
38e4b8a9907cb5feaae9569e5d7d53e1,208,0.6931471805599453,4.605170185988092,4.605170185988092,0.6931471805599453,1,VIP
38e74ef4e3bcf3019fd22b84649bf90d,420,0.6931471805599453,3.912023005428146,3.912023005428146,0.6931471805599453,2,Normal
38e7ae247e1c3d004648d989c3159719,330,0.6931471805599453,4.3694478524670215,4.3694478524670215,0.6931471805599453,1,VIP
393569406c1219e748884004ec64183f,109,0.6931471805599453,3.4011973816621555,3.4011973816621555,0.6931471805599453,3,Low Value
394229bb1c815a3511d8d3656b0b245b,252,0.6931471805599453,3.912023005428146,3.912023005428146,0.6931471805599453,1,Normal
39583d496cc15d47bfea1d9808e9406c,419,0.6931471805599453,3.4011973816621555,3.4011973816621555,0.6931471805599453,2,Low Value
3991c41c2de37fb418cbfd8938aead3d,544,0.6931471805599453,3.912023005428146,3.912023005428146,0.6931471805599453,2,Normal
39930c1159469e3cedbd4c7f6bd4f40c,375,0.6931471805599453,3.912023005428146,3.912023005428146,0.6931471805599453,1,Normal
39bff4c2b3ab45457843adaff876574e,153,0.6931471805599453,3.6888794541139363,3.6888794541139363,0.6931471805599453,1,Low Value
39c9f14158b746a9da5045543ff9d986,89,0.6931471805599453,4.564348191467836,4.564348191467836,0.6931471805599453,0,VIP
39ce02a045b8e7b0329984df3109957b,341,1.0986122886681096,4.59511985013459,3.912023005428146,1.0986122886681096,4,VIP
39e175316b8393526b40c9797b95ce92,90,0.6931471805599453,4.0943445622221,4.0943445622221,0.6931471805599453,3,Normal
3a0eb98df6a9dd91b05ba93312f0dc95,338,0.6931471805599453,3.828641396489095,3.828641396489095,0.6931471805599453,1,Low Value
3a27aeed5e91687035a9f1c174ab7e81,415,0.6931471805599453,3.8066624897703196,3.8066624897703196,0.6931471805599453,2,Low Value
3a432040f71c62080e08b21afebc370a,462,0.6931471805599453,3.912023005428146,3.912023005428146,0.6931471805599453,2,Normal
3a54e2381195debdc5852a59f27086ad,30,0.6931471805599453,5.521460917862246,5.521460917862246,0.6931471805599453,0,VIP
3a6bdbb79e6f1c8a32976584c0bfd5a3,18,0.6931471805599453,3.912023005428146,3.912023005428146,0.6931471805599453,3,Normal
3a6eb610e4b56c5eb29eed04efd0530c,151,0.6931471805599453,3.8066624897703196,3.8066624897703196,0.6931471805599453,1,Low Value
3a7160ec56047ea4b953718fec30b46d,13,0.6931471805599453,4.007333185232471,4.007333185232471,0.6931471805599453,3,Normal
3aa71d539bb760f054b280604391602a,276,0.6931471805599453,4.02535169073515,4.02535169073515,0.6931471805599453,1,Normal
3ae522de6b23a3699ef105d4c4b3b82d,335,0.6931471805599453,3.4011973816621555,3.4011973816621555,0.6931471805599453,2,Low Value
3b006751f006182dace8576eace9c526,70,0.6931471805599453,3.58351893845611,3.58351893845611,0.6931471805599453,3,Low Value
3b2ae38156cf022ebdaf8a4ead16d30a,304,0.6931471805599453,4.07753744390572,3.4011973816621555,1.0986122886681096,1,Normal
3b48a45e4c6ad953c48bbff0633a5ebc,517,0.6931471805599453,3.912023005428146,3.912023005428146,0.6931471805599453,2,Normal
3b776563843bf7cb5adb4e65296aefae,335,0.6931471805599453,3.912023005428146,3.912023005428146,0.6931471805599453,1,Normal
3b8d39f87ca66dfd78a8be6456fc76fb,58,0.6931471805599453,4.04305126783455,4.04305126783455,0.6931471805599453,3,Normal
3b8e55d989da7e111ac23c543bda2a79,87,0.6931471805599453,3.912023005428146,3.912023005428146,0.6931471805599453,3,Normal
3b9072e96fda813ffbd59bb8c51d0e5f,473,0.6931471805599453,3.828641396489095,3.828641396489095,0.6931471805599453,2,Low Value
3b93bfab3bdce83683d66becddd9df2b,42,0.6931471805599453,4.3694478524670215,4.3694478524670215,0.6931471805599453,0,VIP
3b9e4c58ddb5c57082fbfbffef158847,330,0.6931471805599453,4.189654742026425,4.189654742026425,0.6931471805599453,1,Normal
3ba05008f7ff203601756159a5dad8fb,270,0.6931471805599453,4.564348191467836,4.564348191467836,0.6931471805599453,1,VIP
3ba308517e80cfc5f8e2e100d6259220,381,0.6931471805599453,3.4011973816621555,3.4011973816621555,0.6931471805599453,2,Low Value
3ba89a1b18fd7cb3c8aa157f454ff4c8,88,0.6931471805599453,4.787491742782046,4.787491742782046,0.6931471805599453,0,VIP
3bf6813f46e9c62df69804774cb3570e,220,0.6931471805599453,3.828641396489095,3.828641396489095,0.6931471805599453,1,Low Value
3c3a900fac26fc4018fb1735da353166,84,0.6931471805599453,3.4011973816621555,3.4011973816621555,0.6931471805599453,3,Low Value
3c45cdc3826cfd437199cd7a5c2bf24b,399,0.6931471805599453,3.912023005428146,3.912023005428146,0.6931471805599453,2,Normal
3c7d174ebe16d6f127f8eaa18518e757,31,0.6931471805599453,3.912023005428146,3.912023005428146,0.6931471805599453,3,Normal
3c8c5ee4ed6102b33091a6f889d8a103,284,0.6931471805599453,4.02535169073515,4.02535169073515,0.6931471805599453,1,Normal
3ca364ff88dc112d45daa31211480103,18,0.6931471805599453,4.564348191467836,4.564348191467836,0.6931471805599453,0,VIP
3cc4abcf6c4d8a077b3c110ac04eb272,435,0.6931471805599453,4.07753744390572,3.4011973816621555,1.0986122886681096,2,Normal
3cc9ea3ffe189981b9a8b2b92b99271b,63,0.6931471805599453,3.912023005428146,3.912023005428146,0.6931471805599453,3,Normal
3cd86c600cc096464ad1f49a47dcf59c,303,0.6931471805599453,4.07753744390572,3.4011973816621555,1.0986122886681096,1,Normal
3cdf85343de9512ef29d07a8c46a3ef0,32,0.6931471805599453,3.912023005428146,3.912023005428146,0.6931471805599453,3,Normal
3ce128c0db0a5e430f1a998105944d59,40,0.6931471805599453,4.04305126783455,4.04305126783455,0.6931471805599453,3,Normal
3cf46afc066aa5bb5235f80619224056,120,0.6931471805599453,4.02535169073515,4.02535169073515,0.6931471805599453,1,Normal
3cfdd33d92755c126d18b52958e96c62,217,0.6931471805599453,4.0943445622221,4.0943445622221,0.6931471805599453,1,Normal
3d1a4de14cf22cdd33d99140e82f1587,186,0.6931471805599453,4.653960350157523,3.970291913552122,1.0986122886681096,1,VIP
3d2ef5f086d6689fb4d917d3ce727fe7,14,0.6931471805599453,4.007333185232471,4.007333185232471,0.6931471805599453,3,Normal
3d6042d877fddc23b9d57ed6669a5b8c,423,0.6931471805599453,4.867534450455582,4.867534450455582,0.6931471805599453,0,VIP
3d86b969fd5c7e342968ee81b92b6b06,89,0.6931471805599453,4.02535169073515,4.02535169073515,0.6931471805599453,3,Normal
3d8f828c75606575e20a26416deea675,14,0.6931471805599453,4.356708826689592,4.356708826689592,0.6931471805599453,0,VIP
3dac8a5eb348589998102dcddf3bb259,52,0.6931471805599453,4.02535169073515,4.02535169073515,0.6931471805599453,3,Normal
3ddf75230a5da0dca3de49ea70faf061,379,0.6931471805599453,3.912023005428146,3.912023005428146,0.6931471805599453,2,Normal
3de43e16883dec171c5a142367cdfa03,368,0.6931471805599453,5.700443573390686,5.0106352940962555,1.0986122886681096,0,VIP
3e1787c6399d840a6e0fc2def0a8c555,381,0.6931471805599453,3.4011973816621555,3.4011973816621555,0.6931471805599453,2,Low Value
3e27ee3f48cb9cabeabd93885de3fd09,46,0.6931471805599453,3.912023005428146,3.912023005428146,0.6931471805599453,3,Normal
3e6287e29d213536c6b120a6c269708a,324,0.6931471805599453,4.564348191467836,4.564348191467836,0.6931471805599453,1,VIP
3e75b24d0c39407cff09d8a910526850,496,0.6931471805599453,3.9318256327243257,3.9318256327243257,0.6931471805599453,2,Normal
3e96d96e52761d91cdbd5c5c48392ba6,29,0.6931471805599453,3.912023005428146,3.912023005428146,0.6931471805599453,3,Normal
3ee7b9a1a2a20d76750421979a72355a,100,0.6931471805599453,4.3694478524670215,4.3694478524670215,0.6931471805599453,0,VIP
3eed36d1681c8f1d32dab5674c48302c,202,0.6931471805599453,3.4011973816621555,3.4011973816621555,0.6931471805599453,2,Low Value
3f00e82898c6f4746ce5c78d9e29c7ce,403,0.6931471805599453,4.564348191467836,4.564348191467836,0.6931471805599453,2,VIP
3f02edfb1cae00377b6bebaba4767815,52,0.6931471805599453,3.912023005428146,3.912023005428146,0.6931471805599453,3,Normal
3f1964830dc088f26df369c464e6ad2b,297,0.6931471805599453,3.912023005428146,3.912023005428146,0.6931471805599453,1,Normal
3f5d70f6f23ba08e7b3c82f2d8d9228e,516,0.6931471805599453,3.4011973816621555,3.4011973816621555,0.6931471805599453,2,Low Value
3fac83cb7c32b84c91900aae136e22b2,81,0.6931471805599453,4.3694478524670215,4.3694478524670215,0.6931471805599453,0,VIP
3fc033ed99a69646ac510af8c33be70a,246,0.6931471805599453,3.912023005428146,3.912023005428146,0.6931471805599453,1,Normal
3fd04a79bdf442099c2a9556daad3735,238,0.6931471805599453,3.912023005428146,3.912023005428146,0.6931471805599453,1,Normal
3fe3e628c6c7a15ae96416826a4c5952,16,0.6931471805599453,5.521460917862246,5.521460917862246,0.6931471805599453,0,VIP
3ff588bdd4f8baaaec2c3edaae484c4c,104,0.6931471805599453,3.912023005428146,3.912023005428146,0.6931471805599453,3,Normal
4026f7d0145275eb838ef552b889c0ec,271,0.6931471805599453,5.556828061699537,4.867534450455582,1.0986122886681096,0,VIP
4033743727f6f81808e2f7e4409deefb,58,0.6931471805599453,4.3694478524670215,4.3694478524670215,0.6931471805599453,0,VIP
40774d861c6ca4cc0139739a04d930a8,10,0.6931471805599453,3.6635616461296463,3.6635616461296463,0.6931471805599453,3,Low Value
408e9f55a292bbdde5a16b455b5d9f05,42,0.6931471805599453,4.02535169073515,4.02535169073515,0.6931471805599453,3,Normal
40aff2666e4f64f660c941072c6e2521,207,0.6931471805599453,4.07753744390572,3.4011973816621555,1.0986122886681096,1,Normal
40f973c53ebd2ea74087766d3256c2b0,52,0.6931471805599453,4.248495242049359,4.248495242049359,0.6931471805599453,0,Normal
411f06f5e9c096e097844ca478df1ffd,85,0.6931471805599453,3.58351893845611,3.58351893845611,0.6931471805599453,3,Low Value
416eb700a17ff1e29b53fcf4b187f369,267,0.6931471805599453,3.4011973816621555,3.4011973816621555,0.6931471805599453,2,Low Value
417231f77913628ff188d489d6b5f9ad,68,0.6931471805599453,3.912023005428146,3.912023005428146,0.6931471805599453,3,Normal
4194c803b268f3e9fb673a45ac8a67b4,505,0.6931471805599453,3.6888794541139363,3.6888794541139363,0.6931471805599453,2,Low Value
41bff18631557b1b24f17501b34a134c,366,0.6931471805599453,3.4011973816621555,3.4011973816621555,0.6931471805599453,2,Low Value
41e36b7ef606e5f8d7d85358fabbdd88,250,0.6931471805599453,3.4011973816621555,3.4011973816621555,0.6931471805599453,2,Low Value
41edba3f31cd6ab2fe7bdb769422fd2b,22,0.6931471805599453,4.02535169073515,4.02535169073515,0.6931471805599453,3,Normal
420be7d41ee4292cb55d2616584b28f9,34,0.6931471805599453,4.3694478524670215,4.3694478524670215,0.6931471805599453,0,VIP
4211a57a8dba65749e153d4a8275116c,180,0.6931471805599453,3.4011973816621555,3.4011973816621555,0.6931471805599453,2,Low Value
42219828c7f1f7a96ea1053dfbd44a3e,27,0.6931471805599453,4.0943445622221,4.0943445622221,0.6931471805599453,3,Normal
4245e973fc511fc23bf9bfcef317f7d1,34,0.6931471805599453,4.3694478524670215,4.3694478524670215,0.6931471805599453,0,VIP
4248e960750d7d7ad284720cb5475dfe,292,0.6931471805599453,4.02535169073515,4.02535169073515,0.6931471805599453,1,Normal
427c1afb29a173e377616eb612718d6d,258,0.6931471805599453,4.248495242049359,4.248495242049359,0.6931471805599453,1,Normal
431e4277cce4e60bafd8056f23c3fc6c,46,0.6931471805599453,4.02535169073515,4.02535169073515,0.6931471805599453,3,Normal
4329304379be864816803affb61e678b,159,0.6931471805599453,4.0943445622221,4.0943445622221,0.6931471805599453,1,Normal
433ae7dec17c52db00fcbbddb205df78,139,0.6931471805599453,3.58351893845611,3.58351893845611,0.6931471805599453,3,Low Value
43481ffd364a0e241d692a08c405f282,439,0.6931471805599453,3.912023005428146,3.912023005428146,0.6931471805599453,2,Normal
43574be9ef34a91c6585180f9977cc40,362,0.6931471805599453,3.4011973816621555,3.4011973816621555,0.6931471805599453,2,Low Value
435ca69b2991db5926ec1af18d4d27fd,362,0.6931471805599453,3.6888794541139363,3.6888794541139363,0.6931471805599453,2,Low Value
438853173fd05bec359f59a649094167,112,0.6931471805599453,4.605170185988092,4.605170185988092,0.6931471805599453,0,VIP
43f94ca19cdd8f90882d20383806d388,449,0.6931471805599453,4.07753744390572,3.4011973816621555,1.0986122886681096,2,Normal
43fe8326b27663855afa3b0c49acee63,19,0.6931471805599453,3.912023005428146,3.912023005428146,0.6931471805599453,3,Normal
44061315ca014f5990eb4a677657ecb0,87,0.6931471805599453,3.4011973816621555,3.4011973816621555,0.6931471805599453,3,Low Value
44376d16576752e512a9426eff26c1ed,136,0.6931471805599453,4.709530201312334,4.02535169073515,1.0986122886681096,0,VIP
44a0476ef0d882b1145ad7a88ebcc188,395,0.6931471805599453,4.605170185988092,4.605170185988092,0.6931471805599453,2,VIP
44cf660de0c0d10e0e3040510791594d,28,0.6931471805599453,4.07753744390572,4.07753744390572,0.6931471805599453,3,Normal
44d96caf649e5ff81235b3ebb9e129ff,226,0.6931471805599453,4.189654742026425,4.189654742026425,0.6931471805599453,1,Normal
451079e352b9452dba9a5ac98599e5ab,128,0.6931471805599453,3.4011973816621555,3.4011973816621555,0.6931471805599453,3,Low Value
4545b0c7d81d1d91c5e20ad16ae8111a,298,0.6931471805599453,3.912023005428146,3.912023005428146,0.6931471805599453,1,Normal
45813dd6af389e865b4968c44e31ade2,419,0.6931471805599453,3.4011973816621555,3.4011973816621555,0.6931471805599453,2,Low Value
45c327d8b3ca237bfa0e0f6e77de9fb7,63,0.6931471805599453,4.248495242049359,4.248495242049359,0.6931471805599453,0,Normal
4602b5cd6f4d8d108039d3d39208786e,356,0.6931471805599453,4.02535169073515,4.02535169073515,0.6931471805599453,1,Normal
462f8d38d1ca830befd60355240fbe39,27,0.6931471805599453,5.521460917862246,5.521460917862246,0.6931471805599453,0,VIP
467ecaea2e826fdd849f936ee4e713c5,292,0.6931471805599453,3.091042453358316,3.091042453358316,0.6931471805599453,2,Low Value
46b061196b47dfe9318d38bab6a40ee7,238,0.6931471805599453,3.9316295350670645,3.9316295350670645,0.6931471805599453,1,Normal
46dfac161b69dbb4b782ced9463b6c77,502,0.6931471805599453,3.912023005428146,3.912023005428146,0.6931471805599453,2,Normal
46fd21f8a3b4a07a38cee494c93b13f6,372,0.6931471805599453,3.4011973816621555,3.4011973816621555,0.6931471805599453,2,Low Value
4706af85da078301c35ace57729cbc6b,544,0.6931471805599453,4.189654742026425,4.189654742026425,0.6931471805599453,2,Normal
47075b7e79d05b3d1c76bca315ae187d,23,0.6931471805599453,3.912023005428146,3.912023005428146,0.6931471805599453,3,Normal
47acbf32efbc26b7999f984ca7f0a645,297,0.6931471805599453,3.4011973816621555,3.4011973816621555,0.6931471805599453,2,Low Value
47b1f4779cce5b6a93c5f02310ca9671,422,0.6931471805599453,5.075173815233827,5.075173815233827,0.6931471805599453,0,VIP
4837d18df7cb3d4baf1a3959d0244554,26,1.0986122886681096,4.653960350157523,3.970291913552122,1.0986122886681096,4,VIP
484b8e4e904c60aff21c94985ab00f95,137,0.6931471805599453,3.912023005428146,3.912023005428146,0.6931471805599453,1,Normal
487ff42ade0b680bbb1c3dbcb4779329,203,0.6931471805599453,3.9316295350670645,3.9316295350670645,0.6931471805599453,1,Normal
4885094dc24ff7ff3709c170261b8621,63,0.6931471805599453,4.04305126783455,4.04305126783455,0.6931471805599453,3,Normal
488b6351e048ce2bb695d12612dc33da,38,0.6931471805599453,4.02535169073515,4.02535169073515,0.6931471805599453,3,Normal
48a7f33564edf88c8326c3ee34bf9c0c,105,0.6931471805599453,4.02535169073515,4.02535169073515,0.6931471805599453,1,Normal
48a9ddc16a46684920534a8d2a9acad8,133,0.6931471805599453,3.58351893845611,3.58351893845611,0.6931471805599453,3,Low Value
48d379b84eef0b6d463d3c7d6f0f5eb3,20,0.6931471805599453,4.189654742026425,4.189654742026425,0.6931471805599453,0,Normal
48d783e53b2de29c4e70a54ef0c9d6f7,164,0.6931471805599453,3.912023005428146,3.912023005428146,0.6931471805599453,1,Normal
48dba87aaffe7709daf57e38ec5d375f,118,0.6931471805599453,3.4011973816621555,3.4011973816621555,0.6931471805599453,3,Low Value
48e3fa17bb667454f45a0fe4573216ef,169,0.6931471805599453,3.912023005428146,3.912023005428146,0.6931471805599453,1,Normal
48f8f0b5c8e9f985a817dbc0601d4394,369,0.6931471805599453,3.58351893845611,3.58351893845611,0.6931471805599453,2,Low Value
494c139d5f8415bb8e1acf9909f4b68c,83,0.6931471805599453,4.0943445622221,4.0943445622221,0.6931471805599453,3,Normal
494e43282d9bcf8611235ef3b78dfdf4,21,0.6931471805599453,4.59511985013459,3.912023005428146,1.0986122886681096,0,VIP
4959bd250fc12ae68ecc707331565abf,19,0.6931471805599453,4.3694478524670215,4.3694478524670215,0.6931471805599453,0,VIP
49644562b8dd8d8edaecf9a510b73361,231,0.6931471805599453,3.828641396489095,3.828641396489095,0.6931471805599453,1,Low Value
49d8b9ce67066ab246fcf77b1673feb2,76,0.6931471805599453,4.3694478524670215,4.3694478524670215,0.6931471805599453,0,VIP
49e7b8b9e0340eda3efe286a8c35e77a,347,0.6931471805599453,4.23410650459726,3.5553480614894135,1.0986122886681096,1,Normal
4a63291cd1a368657b40e64a3680a232,267,0.6931471805599453,3.912023005428146,3.912023005428146,0.6931471805599453,1,Normal
4a63fee76413edeb59e7399086651c94,270,0.6931471805599453,3.828641396489095,3.828641396489095,0.6931471805599453,1,Low Value
4a91b79e703593b32c60f073030b65c6,138,0.6931471805599453,4.3694478524670215,4.3694478524670215,0.6931471805599453,1,VIP
4ab35f739c711caa39bffe9c2422d6c8,528,0.6931471805599453,4.0943445622221,4.0943445622221,0.6931471805599453,2,Normal
4afd3fe608c035a0539c2974567e3bf6,82,0.6931471805599453,4.04305126783455,4.04305126783455,0.6931471805599453,3,Normal
4b2ab343d9df7b3cdcc165b0e3d7ac56,314,0.6931471805599453,4.605170185988092,4.605170185988092,0.6931471805599453,1,VIP
4b3509f1f2830343367b55d02e003b8e,385,0.6931471805599453,3.912023005428146,3.912023005428146,0.6931471805599453,2,Normal
4b4ad67ad2088e78616a7bc2ab89bdb3,242,0.6931471805599453,4.02535169073515,4.02535169073515,0.6931471805599453,1,Normal
4b8ebe4ffd54e53db679068cb646c7c4,125,0.6931471805599453,3.912023005428146,3.912023005428146,0.6931471805599453,1,Normal
4bac53ed80702b5842e3aadd06998538,243,0.6931471805599453,5.0106352940962555,5.0106352940962555,0.6931471805599453,0,VIP
4beb171d402535985ed8f5843bcc8dd0,45,0.6931471805599453,3.4011973816621555,3.4011973816621555,0.6931471805599453,3,Low Value
4c7664fe61ccc32a474b83773c40ce17,305,0.6931471805599453,4.605170185988092,4.605170185988092,0.6931471805599453,1,VIP
4c93fc5b8925dc00f2e30a25963f775e,174,0.6931471805599453,5.0106352940962555,5.0106352940962555,0.6931471805599453,0,VIP
4cbe82d3b7ee557d79d67c40dda21c7a,169,0.6931471805599453,3.912023005428146,3.912023005428146,0.6931471805599453,1,Normal
4d286abd93cf60eb5dda30c90dd3db3d,128,0.6931471805599453,4.564348191467836,4.564348191467836,0.6931471805599453,0,VIP
4d708044559de1542aa2d852e9a08788,375,0.6931471805599453,3.828641396489095,3.828641396489095,0.6931471805599453,2,Low Value
4ddf638d30917fc90e69fa4294fec79f,185,0.6931471805599453,3.912023005428146,3.912023005428146,0.6931471805599453,1,Normal
4de4d11e794a5a00f5c6c326ff249f4d,487,0.6931471805599453,4.836281906951478,4.836281906951478,0.6931471805599453,0,VIP
4dfac444d58e54d85ab28e0a45a00494,397,0.6931471805599453,3.58351893845611,3.58351893845611,0.6931471805599453,2,Low Value
4dfbb38734e7375728b3a76cab5fa6ca,271,0.6931471805599453,4.04305126783455,4.04305126783455,0.6931471805599453,1,Normal
4e1cce07cd5937c69dacac3c8b13d965,35,0.6931471805599453,3.828641396489095,3.828641396489095,0.6931471805599453,3,Low Value
4e345c0225c3cf47f7331d211ab27a0e,200,0.6931471805599453,3.4011973816621555,3.4011973816621555,0.6931471805599453,2,Low Value
4e480c651903b26e987ad098dd01cfd3,46,0.6931471805599453,4.04305126783455,4.04305126783455,0.6931471805599453,3,Normal
4e4d5ef3efa01a7c611eec17836e34de,69,0.6931471805599453,4.564348191467836,4.564348191467836,0.6931471805599453,0,VIP
4e821fea1dc19d47899df3a4d3c7417c,409,0.6931471805599453,4.02535169073515,4.02535169073515,0.6931471805599453,2,Normal
4e8a462337cfd94ff9798e7a91dcabec,42,0.6931471805599453,4.3694478524670215,4.3694478524670215,0.6931471805599453,0,VIP
4e8debada1cdd5b40418836930296c86,405,0.6931471805599453,3.912023005428146,3.912023005428146,0.6931471805599453,2,Normal
4ebbf4f17d293f4f0195b3f6e76bb766,546,0.6931471805599453,4.189654742026425,4.189654742026425,0.6931471805599453,2,Normal
4ebee1080326aba561d90bed5039f4e1,61,0.6931471805599453,3.912023005428146,3.912023005428146,0.6931471805599453,3,Normal
4edb41f4555044def164944f4bc31c3c,21,0.6931471805599453,3.4011973816621555,3.4011973816621555,0.6931471805599453,3,Low Value
4f2b39545ebc1f7457d44249f8d7fc7a,326,0.6931471805599453,5.0689042022202315,4.382026634673881,1.0986122886681096,0,VIP
4f4395a5349024b0fbc36dc61b120c97,364,0.6931471805599453,4.02535169073515,4.02535169073515,0.6931471805599453,1,Normal
4f813bcb1fc6c14a209ca59014318750,306,0.6931471805599453,4.564348191467836,4.564348191467836,0.6931471805599453,1,VIP
4f96afde8e7c89d59b2853fdd05e113d,479,0.6931471805599453,3.58351893845611,3.58351893845611,0.6931471805599453,2,Low Value
4facc2e6fbc2bffab2fea92d2b4aa7e4,442,0.6931471805599453,5.0106352940962555,5.0106352940962555,0.6931471805599453,0,VIP
4fce08bb64f8d392226d876734e6cca0,194,0.6931471805599453,3.912023005428146,3.912023005428146,0.6931471805599453,1,Normal
4fd7e1b87fbbe153fa6308e6c91364e7,249,0.6931471805599453,4.248495242049359,4.248495242049359,0.6931471805599453,1,Normal
4fe1afe016403852b0236ed358bb62ef,99,0.6931471805599453,4.867534450455582,4.867534450455582,0.6931471805599453,0,VIP
503183539a4cde9ff1be148be92d9fe4,140,0.6931471805599453,3.912023005428146,3.912023005428146,0.6931471805599453,1,Normal
50593444d10f28505edba3a9e1a6438b,224,0.6931471805599453,3.4011973816621555,3.4011973816621555,0.6931471805599453,2,Low Value
5063d70a88d82aab39d8a197036aaf2a,532,0.6931471805599453,3.912023005428146,3.912023005428146,0.6931471805599453,2,Normal
506e75b37532165adf8def1540e82f46,46,0.6931471805599453,4.02535169073515,4.02535169073515,0.6931471805599453,3,Normal
5071f48f7bba6a9d3eb05ffddb0aa2f5,456,0.6931471805599453,3.912023005428146,3.912023005428146,0.6931471805599453,2,Normal
507d2011f28bed3d333202fadce440a9,498,0.6931471805599453,4.0943445622221,4.0943445622221,0.6931471805599453,2,Normal
50929a718f4feb5b89b109bd36ef6039,474,0.6931471805599453,4.382026634673881,4.382026634673881,0.6931471805599453,2,VIP
50996b84681a93e315b0bbf1b960e606,385,0.6931471805599453,3.4011973816621555,3.4011973816621555,0.6931471805599453,2,Low Value
50a1a5f3627664efcd26c92d04e61909,181,0.6931471805599453,4.189654742026425,4.189654742026425,0.6931471805599453,1,Normal
50ba85c28d1f8a8a8a76141e77a9db31,283,0.6931471805599453,4.0943445622221,4.0943445622221,0.6931471805599453,1,Normal
50d47134f70081bd0bcb33783acb337a,64,0.6931471805599453,3.828641396489095,3.828641396489095,0.6931471805599453,3,Low Value
512951e75fedf5e5cea649d6868631df,355,0.6931471805599453,3.4011973816621555,3.4011973816621555,0.6931471805599453,2,Low Value
51306146642e25ee1722f7d435ce8e94,57,0.6931471805599453,4.3694478524670215,4.3694478524670215,0.6931471805599453,0,VIP
515be97b99f6127120e5793a7cb71aef,228,0.6931471805599453,3.58351893845611,3.58351893845611,0.6931471805599453,1,Low Value
517da1af7abf22b5fde7d0f390606324,46,0.6931471805599453,4.248495242049359,4.248495242049359,0.6931471805599453,0,Normal
517ffec58bcfa9079d4c04bb2c50a546,121,0.6931471805599453,4.564348191467836,4.564348191467836,0.6931471805599453,0,VIP
51d027d6e0c06e327566e7be917890f8,270,0.6931471805599453,3.912023005428146,3.912023005428146,0.6931471805599453,1,Normal
51d8ecac1ae895fe0f5d1126f1e9bf8b,94,0.6931471805599453,4.3694478524670215,4.3694478524670215,0.6931471805599453,0,VIP
51dfe948f75a00cf916f00a0a38a6551,228,0.6931471805599453,3.8066624897703196,3.8066624897703196,0.6931471805599453,1,Low Value
521790050db54d0787251de730221760,189,0.6931471805599453,4.189654742026425,4.189654742026425,0.6931471805599453,1,Normal
521dff62e5cebad57f840cdee5577015,341,0.6931471805599453,4.02535169073515,4.02535169073515,0.6931471805599453,1,Normal
522d64353abb62bb8cfba2f9a72acc15,313,0.6931471805599453,3.912023005428146,3.912023005428146,0.6931471805599453,1,Normal
5232c4dbb62f99ca1c7847a96821e5f6,347,0.6931471805599453,4.02535169073515,4.02535169073515,0.6931471805599453,1,Normal
5232e2bc3a7efa19db39982eac1fe7fe,137,0.6931471805599453,4.3694478524670215,3.6888794541139363,1.0986122886681096,1,VIP
5234d8afc78db0ac8924ba7a688791bf,128,0.6931471805599453,4.02535169073515,4.02535169073515,0.6931471805599453,1,Normal
5261ab58714f513f01e23dccad2dbb5f,45,0.6931471805599453,4.3694478524670215,4.3694478524670215,0.6931471805599453,0,VIP
52678f6703e576806503021559c1f23a,402,0.6931471805599453,3.912023005428146,3.912023005428146,0.6931471805599453,2,Normal
526ccb7139b463143e46b919bcfe3bac,352,0.6931471805599453,4.248495242049359,4.248495242049359,0.6931471805599453,1,Normal
52a742689eacfe902565b680b690cf17,285,0.6931471805599453,4.382026634673881,4.382026634673881,0.6931471805599453,1,VIP
52cf00bf99b259287bcd5b5a766adf2a,36,0.6931471805599453,3.912023005428146,3.912023005428146,0.6931471805599453,3,Normal
530536811a54b54504e35183447a8ecf,301,0.6931471805599453,4.248495242049359,4.248495242049359,0.6931471805599453,1,Normal
53084bbddb6a1c2009a13783c39cd8ee,194,0.6931471805599453,3.912023005428146,3.912023005428146,0.6931471805599453,1,Normal
535c917d84cbf6c71c74d02ee0bf0e72,45,0.6931471805599453,4.1588830833596715,3.091042453358316,1.3862943611198906,0,Normal
5362cb1d9a156cc6edbe69eed9f78752,249,0.6931471805599453,4.605170185988092,4.605170185988092,0.6931471805599453,1,VIP
5387dd688b5728d24ab1f6cf69aea40f,230,0.6931471805599453,4.02535169073515,4.02535169073515,0.6931471805599453,1,Normal
53ce3943329519e305a15a0a2de2d88c,84,0.6931471805599453,4.3694478524670215,4.3694478524670215,0.6931471805599453,0,VIP
53d1b48bd9aa8100f30a5a631012ac33,57,0.6931471805599453,4.3694478524670215,4.3694478524670215,0.6931471805599453,0,VIP
53d6898973016b454942a026c1ffe1b6,28,0.6931471805599453,4.248495242049359,4.248495242049359,0.6931471805599453,0,Normal
53de55fa655e5c369a9aa667d0ae7a84,283,0.6931471805599453,4.3694478524670215,3.6888794541139363,1.0986122886681096,1,VIP
5427d774c25f4b117d165848129fd623,68,0.6931471805599453,3.912023005428146,3.912023005428146,0.6931471805599453,3,Normal
54795167137a9242b5f13793c78f99aa,387,0.6931471805599453,3.912023005428146,3.912023005428146,0.6931471805599453,2,Normal
54c1fe8356c02280a34c447ce27372db,118,0.6931471805599453,3.912023005428146,3.912023005428146,0.6931471805599453,1,Normal
54e0a7cc9c09c591bd186e4569c7bf30,116,0.6931471805599453,4.564348191467836,4.564348191467836,0.6931471805599453,0,VIP
54e4025671d9a194561b1c4e9165460d,383,0.6931471805599453,5.0106352940962555,5.0106352940962555,0.6931471805599453,0,VIP
551707eb3a424c50d32faad35f2b8937,164,0.6931471805599453,3.912023005428146,3.912023005428146,0.6931471805599453,1,Normal
5518a112dff474788c0d52cd4688acff,308,0.6931471805599453,4.31748811353631,3.6375861597263857,1.0986122886681096,1,VIP
552a038a90f9896d8d9c4d86de8eeb93,529,0.6931471805599453,3.091042453358316,3.091042453358316,0.6931471805599453,2,Low Value
552f9632aafabca9f9013740161f8db2,34,0.6931471805599453,4.382026634673881,4.382026634673881,0.6931471805599453,0,VIP
5582ad5016d37d31c654c108b34cc54d,22,0.6931471805599453,4.0943445622221,4.0943445622221,0.6931471805599453,3,Normal
55aa4c7dec35c41131f492db9724d04a,427,0.6931471805599453,3.4011973816621555,3.4011973816621555,0.6931471805599453,2,Low Value
55dfea89540867cbe96091b82db0cb06,334,0.6931471805599453,4.07753744390572,3.4011973816621555,1.0986122886681096,1,Normal
55e6a20bcac8442b97ec5d2ecdce1d94,224,0.6931471805599453,3.912023005428146,3.912023005428146,0.6931471805599453,1,Normal
560fc03b072c345ebe220ee6d9e2c7f9,178,0.6931471805599453,3.4011973816621555,3.4011973816621555,0.6931471805599453,2,Low Value
5624dec0a80e5d123f451b83ab841ee1,74,0.6931471805599453,4.02535169073515,4.02535169073515,0.6931471805599453,3,Normal
5645461754f47292f4c9114828f435f3,216,0.6931471805599453,4.605170185988092,4.605170185988092,0.6931471805599453,1,VIP
565af81202a1fb8a9ffe282935381142,482,0.6931471805599453,3.4011973816621555,3.4011973816621555,0.6931471805599453,2,Low Value
566ef46eec03ac4a0e424357fa71db1e,22,0.6931471805599453,4.3694478524670215,4.3694478524670215,0.6931471805599453,0,VIP
56bb6bd8a4f7ad9972cb34ea3c8510f3,31,0.6931471805599453,4.248495242049359,4.248495242049359,0.6931471805599453,0,Normal
5727a05fbd2b210c0931013c4fbc17a5,441,0.6931471805599453,3.4011973816621555,3.4011973816621555,0.6931471805599453,2,Low Value
572f6043f6dab541eec0b9284b904dc5,313,0.6931471805599453,4.3694478524670215,3.6888794541139363,1.0986122886681096,1,VIP
573835df26ec74b80cb57ac9a9d69022,529,0.6931471805599453,3.6375861597263857,3.6375861597263857,0.6931471805599453,2,Low Value
573b27380c382b7fcfc8b059c0ff46c7,281,0.6931471805599453,3.912023005428146,3.912023005428146,0.6931471805599453,1,Normal
575e8735ac3203bfb92c7d52919faf70,35,0.6931471805599453,3.912023005428146,3.912023005428146,0.6931471805599453,3,Normal
5775984939803dfe2ef8bad0f4c63abb,164,0.6931471805599453,3.6888794541139363,3.6888794541139363,0.6931471805599453,1,Low Value
57decc4615bafc47183a474e8ccec7ed,305,0.6931471805599453,4.836281906951478,4.836281906951478,0.6931471805599453,0,VIP
57fb7b4c9df2b76d4bd5113c667ec47a,267,0.6931471805599453,3.828641396489095,3.828641396489095,0.6931471805599453,1,Low Value
57fc5eab82225c8799e739fbd8c4875e,312,0.6931471805599453,3.4011973816621555,3.4011973816621555,0.6931471805599453,2,Low Value
5800ebc7952f9e1dbe77cbbc2a27430a,53,0.6931471805599453,4.0943445622221,4.0943445622221,0.6931471805599453,3,Normal
5800f1507380af3b594684ddde401a93,47,0.6931471805599453,4.248495242049359,4.248495242049359,0.6931471805599453,0,Normal
5806b2a3f14eb5221103741839c44284,305,0.6931471805599453,4.02535169073515,4.02535169073515,0.6931471805599453,1,Normal
580e86cc6d0c8eafede3d6f2fa4bf9ab,416,0.6931471805599453,3.4011973816621555,3.4011973816621555,0.6931471805599453,2,Low Value
583973d1d74829deaaff6709f318737f,45,0.6931471805599453,3.4011973816621555,3.4011973816621555,0.6931471805599453,3,Low Value
5870c4e1e8e03302e250f15c8b824305,174,0.6931471805599453,3.828641396489095,3.828641396489095,0.6931471805599453,1,Low Value
5876dd2eba90a1f7ce5d0548c46e281a,133,0.6931471805599453,4.3694478524670215,4.3694478524670215,0.6931471805599453,1,VIP
59268ee5dc0cd98a36ea808010826cc8,258,1.0986122886681096,4.07753744390572,3.4011973816621555,1.0986122886681096,4,Normal
5941ba7f91b519d195e16e34fcf61bac,309,0.6931471805599453,4.700389452569025,4.016292926603943,1.0986122886681096,0,VIP
59505fb0da3eb998196a0f5e46907557,407,0.6931471805599453,3.912023005428146,3.912023005428146,0.6931471805599453,2,Normal
59c85e232ff7794ad797092e757c6c65,284,0.6931471805599453,3.912023005428146,3.912023005428146,0.6931471805599453,1,Normal
59d3f18e424c9023f54b7b82829887c6,76,0.6931471805599453,3.912023005428146,3.912023005428146,0.6931471805599453,3,Normal
59d83a6ad4e3ddf1d983319146230b01,449,0.6931471805599453,3.912023005428146,3.912023005428146,0.6931471805599453,2,Normal
59d8d1ea35c02a6a070ee29944b0ea86,142,1.0986122886681096,4.59511985013459,3.912023005428146,1.0986122886681096,4,VIP
59dfcad0dcdcdee8c414a4900781269a,244,0.6931471805599453,3.912023005428146,3.912023005428146,0.6931471805599453,1,Normal
59f445785c535b14825da32b95cb46fb,203,0.6931471805599453,3.912023005428146,3.912023005428146,0.6931471805599453,1,Normal
59fb2024ddd74c34d16e3d51ed2960a1,265,0.6931471805599453,3.912023005428146,3.912023005428146,0.6931471805599453,1,Normal
5a1c2510301699cbd7fa6b876bef9891,536,0.6931471805599453,3.4011973816621555,3.4011973816621555,0.6931471805599453,2,Low Value
5a2038201b85e9f51a6333727d119a02,134,0.6931471805599453,4.3694478524670215,4.3694478524670215,0.6931471805599453,1,VIP
5a4ac8dc137c5010a2845fc89f2ccd67,110,0.6931471805599453,4.02535169073515,4.02535169073515,0.6931471805599453,1,Normal
5a6e80d57bdde6b3a600cfae0c2f5e43,252,0.6931471805599453,3.6888794541139363,3.6888794541139363,0.6931471805599453,1,Low Value
5ab0302ed9544817776a78a8fffb46bb,353,0.6931471805599453,3.912023005428146,3.912023005428146,0.6931471805599453,1,Normal
5b5edbfc98d0041a10a3a291b80c1786,173,0.6931471805599453,3.4011973816621555,3.4011973816621555,0.6931471805599453,2,Low Value
5b8c80a20366ff668e44bf7571988b72,384,0.6931471805599453,3.912023005428146,3.912023005428146,0.6931471805599453,2,Normal
5b930155d89c36a3961cb875cf8ecf35,392,0.6931471805599453,4.564348191467836,4.564348191467836,0.6931471805599453,2,VIP
5bee2adfebafd09cb7d9f6050f9d2bc0,44,0.6931471805599453,4.04305126783455,4.04305126783455,0.6931471805599453,3,Normal
5c939cd71ab7195b5f661728772069d2,146,0.6931471805599453,3.912023005428146,3.912023005428146,0.6931471805599453,1,Normal
5c9e86e665b5bb0dc1da4295206c8cb7,279,0.6931471805599453,3.912023005428146,3.912023005428146,0.6931471805599453,1,Normal
5caed5b69635770ef574067e85255c52,276,0.6931471805599453,4.04305126783455,4.04305126783455,0.6931471805599453,1,Normal
5d392954355765f0c576fed227c09f59,519,0.6931471805599453,4.3694478524670215,4.3694478524670215,0.6931471805599453,2,VIP
5d72a7790ef975598fc73241bddef664,38,0.6931471805599453,4.02535169073515,4.02535169073515,0.6931471805599453,3,Normal
5d9f42453f12815981c981caf51a9b30,289,0.6931471805599453,4.584967478670572,3.506557897319982,1.3862943611198906,1,VIP
5dd3fce30fcd14192d778995175d4f67,76,0.6931471805599453,4.3694478524670215,4.3694478524670215,0.6931471805599453,0,VIP
5df9ba9994cab2db140117f6ad48bbf6,119,0.6931471805599453,3.828641396489095,3.828641396489095,0.6931471805599453,1,Low Value
5e0ab408941a219fe6ec4bc43dbf680e,349,0.6931471805599453,3.912023005428146,3.912023005428146,0.6931471805599453,1,Normal
5e42abcc90d4a7e76e5dfb7373e3ab4a,199,0.6931471805599453,3.6888794541139363,3.6888794541139363,0.6931471805599453,1,Low Value
5e8917cb4d238a5de3f14d560a8a0c4b,245,0.6931471805599453,4.983606621708336,4.983606621708336,0.6931471805599453,0,VIP
5edef036518282b6628d79eaba98b95c,43,0.6931471805599453,4.248495242049359,4.248495242049359,0.6931471805599453,0,Normal
5ef0c0879faa6351326edfb00a3ee8ed,406,0.6931471805599453,3.912023005428146,3.912023005428146,0.6931471805599453,2,Normal
5f102dd37243f152aec3607970aad100,206,0.6931471805599453,3.912023005428146,3.912023005428146,0.6931471805599453,1,Normal
5f349193a205124186b7433d20ac52e6,27,0.6931471805599453,3.8066624897703196,3.8066624897703196,0.6931471805599453,3,Low Value
5f6100a37a9d53753b46b630ea5ed5bc,61,0.6931471805599453,4.3694478524670215,4.3694478524670215,0.6931471805599453,0,VIP
5f6edfa5d3f33bc9b96c1e91153c8e2b,39,0.6931471805599453,4.0943445622221,4.0943445622221,0.6931471805599453,3,Normal
5f84dd765161a769e787eeb4f8d393e0,153,0.6931471805599453,3.6888794541139363,3.6888794541139363,0.6931471805599453,1,Low Value
5f883c0ff16ff2e3a775bee3e0fe0712,67,0.6931471805599453,3.58351893845611,3.58351893845611,0.6931471805599453,3,Low Value
5f884de71662a79ca138498472536098,55,0.6931471805599453,4.02535169073515,4.02535169073515,0.6931471805599453,3,Normal
5f8f12098427d3cbb37e9dcf269bb53c,144,0.6931471805599453,3.4011973816621555,3.4011973816621555,0.6931471805599453,2,Low Value
5fbcb26dd81500a1620e1b4f2f2dc55a,262,0.6931471805599453,3.4011973816621555,3.4011973816621555,0.6931471805599453,2,Low Value
5fbf92aeb9aca931d7ac6c5ce048972f,354,0.6931471805599453,4.02535169073515,4.02535169073515,0.6931471805599453,1,Normal
601bf929b8d0a8feecab068a2110ae1f,260,0.6931471805599453,3.4011973816621555,3.4011973816621555,0.6931471805599453,2,Low Value
601c762ab733c9be4b4dccad69d21ede,31,0.6931471805599453,3.912023005428146,3.912023005428146,0.6931471805599453,3,Normal
60863e9f13562f664b73e6f76ff85910,32,0.6931471805599453,3.4011973816621555,3.4011973816621555,0.6931471805599453,3,Low Value
6086506fb5d3500bc60943dafad7d666,404,0.6931471805599453,3.58351893845611,3.58351893845611,0.6931471805599453,2,Low Value
60ba6c553aff4ebee7abb97bab9fe91c,248,0.6931471805599453,3.912023005428146,3.912023005428146,0.6931471805599453,1,Normal
60d7d38f337407b0fdb77599e6e7ed0f,281,0.6931471805599453,3.6888794541139363,3.6888794541139363,0.6931471805599453,1,Low Value
60fc4b9636e847212b8c69cc13f4da82,196,0.6931471805599453,5.0106352940962555,5.0106352940962555,0.6931471805599453,0,VIP
60fce6e412dd4ec2bf0316d90b5de8de,145,0.6931471805599453,4.3694478524670215,4.3694478524670215,0.6931471805599453,1,VIP
610d3e47ad4921adc40aa9fd6bbeeaa5,20,0.6931471805599453,4.553876891600541,3.8712010109078907,1.0986122886681096,0,VIP
611009570f605781020550bff8c0d7a5,304,0.6931471805599453,4.564348191467836,4.564348191467836,0.6931471805599453,1,VIP
615555b69b411108248f61161aac1c48,199,0.6931471805599453,4.0943445622221,4.0943445622221,0.6931471805599453,1,Normal
626876b36b0b5f14615c4d904f6ddb6c,172,0.6931471805599453,3.6888794541139363,3.6888794541139363,0.6931471805599453,1,Low Value
626ef16643d274cd99bb92522a5bc17e,29,0.6931471805599453,4.3694478524670215,4.3694478524670215,0.6931471805599453,0,VIP
6286f40d6639efdc3b8f0a4b2cbb2a0e,460,0.6931471805599453,3.912023005428146,3.912023005428146,0.6931471805599453,2,Normal
629dde990657dba8fbe6923e66804091,34,0.6931471805599453,4.248495242049359,4.248495242049359,0.6931471805599453,0,Normal
62aaf7254900d8d84b740bfaac5fc13d,284,0.6931471805599453,5.0106352940962555,5.0106352940962555,0.6931471805599453,0,VIP
62d514474504de66057183274ece334a,208,0.6931471805599453,4.248495242049359,4.248495242049359,0.6931471805599453,1,Normal
62e0e75323778a07135f9a25a3831cf2,25,0.6931471805599453,3.828641396489095,3.828641396489095,0.6931471805599453,3,Low Value
62e539dbae33b2188f41136488f334fe,290,0.6931471805599453,5.272999558563747,4.584967478670572,1.0986122886681096,0,VIP
62f1e9dab5ffbb3c4be216c1a68840f1,260,0.6931471805599453,4.189654742026425,4.189654742026425,0.6931471805599453,1,Normal
62f6dc882378c3c86ab88d18a4a254e6,200,0.6931471805599453,3.4011973816621555,3.4011973816621555,0.6931471805599453,2,Low Value
6304255f37a0e0672ad9d547304192a3,305,0.6931471805599453,3.828641396489095,3.828641396489095,0.6931471805599453,1,Low Value
635686613608e18aa9ffdabeebb187c6,94,0.6931471805599453,5.247024072160486,5.247024072160486,0.6931471805599453,0,VIP
6358a2ef3876f095912a6fdbec295073,369,0.6931471805599453,3.912023005428146,3.912023005428146,0.6931471805599453,1,Normal
6373e5944034db48c3328934100ab49a,367,0.6931471805599453,5.0106352940962555,5.0106352940962555,0.6931471805599453,0,VIP
638eafbdec3d5db3fb980a7a9282827b,385,0.6931471805599453,3.4011973816621555,3.4011973816621555,0.6931471805599453,2,Low Value
6392727a45eeb5883dfa0cbca9c9f47b,34,0.6931471805599453,4.02535169073515,4.02535169073515,0.6931471805599453,3,Normal
63a4ec54df8b005728567a06296cecc2,65,0.6931471805599453,4.02535169073515,4.02535169073515,0.6931471805599453,3,Normal
63a5d1be2682f35c9a9ae974dc9a293f,28,0.6931471805599453,4.3694478524670215,4.3694478524670215,0.6931471805599453,0,VIP
63e8de211c546a3b02ef176429bd8ebd,134,0.6931471805599453,4.3694478524670215,4.3694478524670215,0.6931471805599453,1,VIP
640e0d867e85601bd8e64029df6034b5,272,0.6931471805599453,3.912023005428146,3.912023005428146,0.6931471805599453,1,Normal
6422bfe69991c1b3c75662e99a9f51e2,214,0.6931471805599453,4.290459441148391,4.290459441148391,0.6931471805599453,1,VIP
6436ad2025eb0c01e5b78b0d7ee9500a,17,0.6931471805599453,3.912023005428146,3.912023005428146,0.6931471805599453,3,Normal
645dc4ae816c36e86748077d75255ae9,189,0.6931471805599453,4.04305126783455,4.04305126783455,0.6931471805599453,1,Normal
645ddf9c2ff4189cd6588016b7b16e09,31,0.6931471805599453,3.828641396489095,3.828641396489095,0.6931471805599453,3,Low Value
648670ff5e28673adb34b5b90733c99c,213,0.6931471805599453,4.3694478524670215,4.3694478524670215,0.6931471805599453,1,VIP
64f5940ed8efdc106106909cdc5805c3,225,0.6931471805599453,4.02535169073515,4.02535169073515,0.6931471805599453,1,Normal
651cdbdba118c3e569357142e032f502,225,0.6931471805599453,5.298317366548036,5.298317366548036,0.6931471805599453,0,VIP
65290fc39fc326193c8a5b9c71aee62f,25,0.6931471805599453,3.8066624897703196,3.8066624897703196,0.6931471805599453,3,Low Value
65447e533394d2842e4b069aa9366f8c,201,0.6931471805599453,4.248495242049359,4.248495242049359,0.6931471805599453,1,Normal
65505e16f06b283146c7ee3c12d3ed40,62,0.6931471805599453,4.3694478524670215,4.3694478524670215,0.6931471805599453,0,VIP
657b9acae4845d34e8766e84be3de88b,433,0.6931471805599453,4.499809670330265,4.499809670330265,0.6931471805599453,2,VIP
6589e66f8dd81a3779267e3b74e58a58,417,0.6931471805599453,3.912023005428146,3.912023005428146,0.6931471805599453,2,Normal
65a7f11f6dce46ef1804aa10d1ee872a,279,0.6931471805599453,3.912023005428146,3.912023005428146,0.6931471805599453,1,Normal
66188f508ca1a7cdfa3c961bed9eef92,455,0.6931471805599453,4.564348191467836,4.564348191467836,0.6931471805599453,2,VIP
662b79d4f9d63b429cf1efcdeacfe6a1,347,0.6931471805599453,3.4011973816621555,3.4011973816621555,0.6931471805599453,2,Low Value
665abf32af7598d674235697ead971b9,438,0.6931471805599453,4.3694478524670215,4.3694478524670215,0.6931471805599453,2,VIP
66825e86b4e55808007214c22ebb9167,15,0.6931471805599453,4.04305126783455,4.04305126783455,0.6931471805599453,3,Normal
668c808552aed82dfcc65bb7da7a89df,123,0.6931471805599453,3.912023005428146,3.912023005428146,0.6931471805599453,1,Normal
669e51e4170c3e92777e610e36b708a1,315,0.6931471805599453,4.499809670330265,4.499809670330265,0.6931471805599453,1,VIP
66ed3e8bba029bbabd67074340383f51,218,0.6931471805599453,3.4011973816621555,3.4011973816621555,0.6931471805599453,2,Low Value
66fe358f824418e792960d23a69236b6,298,0.6931471805599453,4.189654742026425,4.189654742026425,0.6931471805599453,1,Normal
670b703e750670fc9f310d6087dbd538,159,0.6931471805599453,3.4011973816621555,3.4011973816621555,0.6931471805599453,2,Low Value
67390dad606d5717688d052bce46dc70,107,0.6931471805599453,4.8283137373023015,4.143134726391533,1.0986122886681096,0,VIP
6740b5fffe13d343c994a41ab9cf7811,309,0.6931471805599453,3.4011973816621555,3.4011973816621555,0.6931471805599453,2,Low Value
67560a78f5e66ffa4fc5f6a7a59b3b28,225,0.6931471805599453,4.3694478524670215,4.3694478524670215,0.6931471805599453,1,VIP
675b73004011c9f3b49fe9e1c2529fb4,477,0.6931471805599453,5.0106352940962555,5.0106352940962555,0.6931471805599453,0,VIP
67b0a8350bf38e5d5be5df23e0d293a7,35,0.6931471805599453,3.4011973816621555,3.4011973816621555,0.6931471805599453,3,Low Value
67cb5df57124d5e5dde3a80e913667df,248,0.6931471805599453,3.912023005428146,3.912023005428146,0.6931471805599453,1,Normal
67e747b902c2d5c2e5a266b00d965145,175,0.6931471805599453,2.995732273553991,2.995732273553991,0.6931471805599453,2,Low Value
67ed19c063b20fa032f6bcbfff49df25,15,0.6931471805599453,3.8918202981106265,3.8918202981106265,0.6931471805599453,3,Low Value
67f7d267931d6b466c95818318da0cb5,75,0.6931471805599453,3.828641396489095,3.828641396489095,0.6931471805599453,3,Low Value
681d3df5fa675d03795382f511bd0fec,217,0.6931471805599453,3.912023005428146,3.912023005428146,0.6931471805599453,1,Normal
68598b654c53799834f0abc847bd4a06,304,0.6931471805599453,4.3694478524670215,4.3694478524670215,0.6931471805599453,1,VIP
68c48ba56d02204f6227241b55273edf,140,0.6931471805599453,4.3694478524670215,4.3694478524670215,0.6931471805599453,1,VIP
68e9aca85421a3dc655325bcdf9c9912,283,0.6931471805599453,4.454347296253507,4.454347296253507,0.6931471805599453,1,VIP
690c1b1eecc546ddeba1b850161ab96b,112,0.6931471805599453,3.4011973816621555,3.4011973816621555,0.6931471805599453,3,Low Value
690f1daf39d150896d05b876490b6fc5,19,0.6931471805599453,4.3694478524670215,4.3694478524670215,0.6931471805599453,0,VIP
695a55275fe6b007b1b6d782c3170530,287,0.6931471805599453,3.912023005428146,3.912023005428146,0.6931471805599453,1,Normal
6995203f8a5ddbd2fad3a9df1e099a51,308,0.6931471805599453,4.304065093204169,3.624340932976365,1.0986122886681096,1,VIP
69c55e1fb63d49b22cfd5d439497f846,18,0.6931471805599453,3.912023005428146,3.912023005428146,0.6931471805599453,3,Normal
69f592f573cf56a53e580a78e02185d8,292,0.6931471805599453,3.4011973816621555,3.4011973816621555,0.6931471805599453,2,Low Value
6a140ba4cf08e0d893b81b5ec7264d86,76,0.6931471805599453,4.3694478524670215,4.3694478524670215,0.6931471805599453,0,VIP
6a3dcf0e86e5e479e9d8203bceaa293d,95,0.6931471805599453,3.4011973816621555,3.4011973816621555,0.6931471805599453,3,Low Value
6a6f22ad7d0ef9a767fce278780c91cd,301,0.6931471805599453,3.4011973816621555,3.4011973816621555,0.6931471805599453,2,Low Value
6a76aaea8c801ce1685fda1501bce5c8,347,0.6931471805599453,3.4011973816621555,3.4011973816621555,0.6931471805599453,2,Low Value
6a8721efbaba71eb10c13a89c2e44c9b,7,0.6931471805599453,3.8918202981106265,3.8918202981106265,0.6931471805599453,3,Low Value
6aae4ee77ee637d5b060e0f9a38764d9,481,0.6931471805599453,4.499809670330265,4.499809670330265,0.6931471805599453,2,VIP
6ab722fe84643343e7ad4213f8587305,34,0.6931471805599453,4.04305126783455,4.04305126783455,0.6931471805599453,3,Normal
6aeda374388a88b53009e1ed989a7c23,61,0.6931471805599453,4.04305126783455,4.04305126783455,0.6931471805599453,3,Normal
6b443674142ce1d8d0d31c555c71de87,84,0.6931471805599453,4.248495242049359,4.248495242049359,0.6931471805599453,0,Normal
6b46cfed037b73c631cf418c96169857,556,0.6931471805599453,4.465908118654584,3.784189633918261,1.0986122886681096,2,VIP
6b52d110f5167aabb2811d2bab2bc8cd,216,0.6931471805599453,4.48863636973214,3.8066624897703196,1.0986122886681096,1,VIP
6b7cd918273d2946aad5dd4fb4b3da16,283,0.6931471805599453,3.6888794541139363,3.6888794541139363,0.6931471805599453,1,Low Value
6bb68e803ab5d836c7bdb0c3d3281953,275,0.6931471805599453,5.075173815233827,5.075173815233827,0.6931471805599453,0,VIP
6beccfbe45aa4b180d2b6885886fccd6,81,0.6931471805599453,3.828641396489095,3.828641396489095,0.6931471805599453,3,Low Value
6c20a0d058797463344295d2df549503,106,0.6931471805599453,5.298317366548036,5.298317366548036,0.6931471805599453,0,VIP
6c5524784076044070d9fe6cf151912d,26,0.6931471805599453,3.4011973816621555,3.4011973816621555,0.6931471805599453,3,Low Value
6ceec19dbdd6f7f1a2ad55bb4317392f,539,0.6931471805599453,3.912023005428146,3.912023005428146,0.6931471805599453,2,Normal
6d13e3870871cfae5654041aa2dc928a,540,0.6931471805599453,3.4011973816621555,3.4011973816621555,0.6931471805599453,2,Low Value
6d2a77a5ce09274a069d85de67e3fd37,127,0.6931471805599453,3.4011973816621555,3.4011973816621555,0.6931471805599453,3,Low Value
6d4cbfa39985224e48a1bce59f5582e8,286,0.6931471805599453,4.59511985013459,3.912023005428146,1.0986122886681096,1,VIP
6d4da5cdac9304bddad302e396e61bfb,489,0.6931471805599453,3.58351893845611,3.58351893845611,0.6931471805599453,2,Low Value
6da7abe01a03bbe8f27a28937c8abe70,392,0.6931471805599453,3.4011973816621555,3.4011973816621555,0.6931471805599453,2,Low Value
6e207ce743529b068b162238ca9a71d5,468,0.6931471805599453,3.6888794541139363,3.6888794541139363,0.6931471805599453,2,Low Value
6e4df650faf2c070fc5cbc95efd6c01a,10,0.6931471805599453,3.912023005428146,3.912023005428146,0.6931471805599453,3,Normal
6e7bfbc2f1b96b9be02a19a233d98e0f,6,0.6931471805599453,4.0943445622221,4.0943445622221,0.6931471805599453,3,Normal
6e8ea825d9f2edbf2a6e5531fc09d702,406,0.6931471805599453,3.091042453358316,3.091042453358316,0.6931471805599453,2,Low Value
6e9d7c002cb4603011d3e83033b01878,501,0.6931471805599453,3.828641396489095,3.828641396489095,0.6931471805599453,2,Low Value
6ebb1ed7033f7f9f97270661d5660b6f,164,0.6931471805599453,4.499809670330265,4.499809670330265,0.6931471805599453,1,VIP
6ebecf9718a9fdd2d34ea36f36501420,476,0.6931471805599453,4.867534450455582,4.867534450455582,0.6931471805599453,0,VIP
6eccf0b182b0c42edab6941a4ccfa71e,78,0.6931471805599453,3.58351893845611,3.58351893845611,0.6931471805599453,3,Low Value
6ee8c926b705a0f2f28d833edffdb1a6,472,0.6931471805599453,4.248495242049359,4.248495242049359,0.6931471805599453,2,Normal
6ef09a6a7758b108b84fcab47567f3e4,389,0.6931471805599453,3.6888794541139363,3.6888794541139363,0.6931471805599453,2,Low Value
6f232f2f5c7f33b7bd9d794d2afacadd,404,0.6931471805599453,5.0106352940962555,5.0106352940962555,0.6931471805599453,0,VIP
6f7aa71b25523a8776065427c6cec103,311,0.6931471805599453,3.6888794541139363,3.6888794541139363,0.6931471805599453,1,Low Value
6f9abbcdcab984ae0fdd1a45c74ff6a7,467,0.6931471805599453,3.58351893845611,3.58351893845611,0.6931471805599453,2,Low Value
6fa9c99baf1b7af17be283a0afaf24e9,348,0.6931471805599453,3.8066624897703196,3.8066624897703196,0.6931471805599453,1,Low Value
6fbc1f21e27fdad09a713aed337b05e0,270,0.6931471805599453,4.48863636973214,4.48863636973214,0.6931471805599453,1,VIP
6fcb3de18e2331fa5e3c0a5b9c4d5830,119,0.6931471805599453,4.02535169073515,4.02535169073515,0.6931471805599453,1,Normal
6fcf468df3f44e24a0cb39e77b287f12,517,0.6931471805599453,3.912023005428146,3.912023005428146,0.6931471805599453,2,Normal
7030164c13386d397107bfdf15f3814f,29,0.6931471805599453,4.3694478524670215,4.3694478524670215,0.6931471805599453,0,VIP
703826613a480456a32d33a68cd8f1b2,35,0.6931471805599453,4.07753744390572,4.07753744390572,0.6931471805599453,3,Normal
703a092c0c6166785ec31de84c4f8e68,55,0.6931471805599453,4.564348191467836,4.564348191467836,0.6931471805599453,0,VIP
704797965ae2be5d589d40c610a5d6b6,139,0.6931471805599453,3.8066624897703196,3.8066624897703196,0.6931471805599453,1,Low Value
705050f4eda6b8b9e7c38a5e61bed2d6,32,0.6931471805599453,3.912023005428146,3.912023005428146,0.6931471805599453,3,Normal
70607b93e471ca19ac3a9bbb2ebb5833,235,0.6931471805599453,4.0943445622221,4.0943445622221,0.6931471805599453,1,Normal
70640db97981139ee99d8f86a555d344,484,0.6931471805599453,3.912023005428146,3.912023005428146,0.6931471805599453,2,Normal
707187e4ea640536003e17499d9d880b,337,0.6931471805599453,4.0943445622221,4.0943445622221,0.6931471805599453,1,Normal
70d559655397ff9db9bb31dbaf5a7b5a,283,0.6931471805599453,4.248495242049359,4.248495242049359,0.6931471805599453,1,Normal
710762698c0c755b9299772cfc20c1f5,164,0.6931471805599453,3.6888794541139363,3.6888794541139363,0.6931471805599453,1,Low Value
710f38025cf5de52702ee2e4da7a71a7,356,0.6931471805599453,4.499809670330265,4.499809670330265,0.6931471805599453,2,VIP
7150ba1825c38f6cece61fdf80e9615f,74,0.6931471805599453,4.02535169073515,4.02535169073515,0.6931471805599453,3,Normal
7194aedf92f96de4f609595adc4c6441,33,0.6931471805599453,4.3694478524670215,4.3694478524670215,0.6931471805599453,0,VIP
719b416ebeb9f51638f343c4cc19f742,311,0.6931471805599453,3.828641396489095,3.828641396489095,0.6931471805599453,1,Low Value
71a5182c33ade63d4f8b42f432b834c0,232,0.6931471805599453,4.3694478524670215,4.3694478524670215,0.6931471805599453,1,VIP
71c13f7e334e106357afc757e4ac79b0,121,0.6931471805599453,4.0943445622221,4.0943445622221,0.6931471805599453,1,Normal
71e2ab4ddf40cf4ad4cc322f1002ca96,47,0.6931471805599453,4.3694478524670215,4.3694478524670215,0.6931471805599453,0,VIP
71f6e6e2d7ebe8069e4ad85c083dbb59,296,0.6931471805599453,4.3694478524670215,4.3694478524670215,0.6931471805599453,1,VIP
721b54017d86a9ceb21b520a2cc14860,45,0.6931471805599453,3.828641396489095,3.828641396489095,0.6931471805599453,3,Low Value
722099c9bab38b931795d04f03ecf7ab,320,0.6931471805599453,3.912023005428146,3.912023005428146,0.6931471805599453,1,Normal
72799f01f52029adc1aae6d1388cca39,46,0.6931471805599453,4.3694478524670215,4.3694478524670215,0.6931471805599453,0,VIP
729cf88d0d9f24def9052be712e392f9,259,0.6931471805599453,3.912023005428146,3.912023005428146,0.6931471805599453,1,Normal
72a468fee984041a24d53066cfe95a16,351,0.6931471805599453,4.382026634673881,4.382026634673881,0.6931471805599453,1,VIP
72c7b08affaf93c2cd0a524e431102d9,87,0.6931471805599453,3.828641396489095,3.828641396489095,0.6931471805599453,3,Low Value
732155f5831fd4dfb9dfb8255432b937,28,0.6931471805599453,3.912023005428146,3.912023005428146,0.6931471805599453,3,Normal
7353e7e5f2f32af3228d688d12ceef48,278,0.6931471805599453,3.912023005428146,3.912023005428146,0.6931471805599453,1,Normal
73671e3655d8ff8fe543826f6f883999,38,0.6931471805599453,4.0943445622221,4.0943445622221,0.6931471805599453,3,Normal
73b5f947969081c175393cc0779f04af,266,0.6931471805599453,3.912023005428146,3.912023005428146,0.6931471805599453,1,Normal
73b7bf72f8e13e85c6a3e7c9fabb3d48,321,0.6931471805599453,3.912023005428146,3.912023005428146,0.6931471805599453,1,Normal
742496f1962d7565d3adc374d5d49cf9,540,0.6931471805599453,4.382026634673881,4.382026634673881,0.6931471805599453,2,VIP
742cd859b972c6c17ec43070d8c3078c,132,0.6931471805599453,5.198497031265826,4.51085950651685,1.0986122886681096,0,VIP
742e84c411f2181824c7348da0042c11,295,0.6931471805599453,4.07753744390572,3.4011973816621555,1.0986122886681096,1,Normal
7441ce776af8da3b9df3d3f3c1e13ab1,428,0.6931471805599453,3.091042453358316,3.091042453358316,0.6931471805599453,2,Low Value
74460d565b68e180ab6f51e1e036e56c,512,0.6931471805599453,4.248495242049359,4.248495242049359,0.6931471805599453,2,Normal
74ef2468836d147c610bc829ecd77677,130,0.6931471805599453,4.852030263919617,4.1666652238017265,1.0986122886681096,0,VIP
754629999a6a5b26e9b5ee411ce6fbfa,60,0.6931471805599453,4.02535169073515,4.02535169073515,0.6931471805599453,3,Normal
754930beac1344cef117a650a010e18e,44,0.6931471805599453,4.564348191467836,4.564348191467836,0.6931471805599453,0,VIP
754dd86ee83589b775d5bc82fb4667ce,13,0.6931471805599453,4.007333185232471,4.007333185232471,0.6931471805599453,3,Normal
7588c20c457369de8caad958afc1cc06,171,0.6931471805599453,3.8918202981106265,3.2188758248682006,1.0986122886681096,1,Low Value
75a1e841d43d58d357c11ad4d35dc70f,77,0.6931471805599453,3.828641396489095,3.828641396489095,0.6931471805599453,3,Low Value
75a323c270c034cdbf742a41f71c88de,373,0.6931471805599453,4.02535169073515,4.02535169073515,0.6931471805599453,1,Normal
75bf18850557594bbdb54271b5612310,235,0.6931471805599453,3.912023005428146,3.912023005428146,0.6931471805599453,1,Normal
75ce5b46b7e55b267e26f126683b8d28,40,0.6931471805599453,4.3694478524670215,4.3694478524670215,0.6931471805599453,0,VIP
760bf80deefbc99703ba045b6c0c1a34,159,0.6931471805599453,3.912023005428146,3.912023005428146,0.6931471805599453,1,Normal
761c45dcded7b4298663f201b1e11444,123,0.6931471805599453,3.912023005428146,3.912023005428146,0.6931471805599453,1,Normal
7620e484597c0b360f082d39e12e9c69,263,0.6931471805599453,3.912023005428146,3.912023005428146,0.6931471805599453,1,Normal
76472792d33f4c68457baca4d21fe0fd,525,0.6931471805599453,4.02535169073515,4.02535169073515,0.6931471805599453,2,Normal
767f4654c72d8b9de7c937321fe1b78b,51,0.6931471805599453,4.983606621708336,4.983606621708336,0.6931471805599453,0,VIP
76e450ad0dd910adc304127c01dd8ab4,82,0.6931471805599453,4.02535169073515,4.02535169073515,0.6931471805599453,3,Normal
76e65678e8bbb313461fb19a6d2c97ee,37,0.6931471805599453,5.0106352940962555,5.0106352940962555,0.6931471805599453,0,VIP
76eb9d778797db59464bc0b40d044c38,374,0.6931471805599453,3.4011973816621555,3.4011973816621555,0.6931471805599453,2,Low Value
76f7f795ff665714c20a44d3d04b343a,491,0.6931471805599453,3.828641396489095,3.828641396489095,0.6931471805599453,2,Low Value
77478d54ce0ee01c276292d8579f478b,250,0.6931471805599453,3.912023005428146,3.912023005428146,0.6931471805599453,1,Normal
775c64377c5e51988914dd66f4f46b53,284,0.6931471805599453,3.912023005428146,3.912023005428146,0.6931471805599453,1,Normal
7794c9d71cf38a0d9a272739a6659547,290,0.6931471805599453,4.248495242049359,4.248495242049359,0.6931471805599453,1,Normal
779f7ec7155dfd74a8425e40c4d34497,76,0.6931471805599453,5.521460917862246,5.521460917862246,0.6931471805599453,0,VIP
77c6d9952d01633f433469a542bd5917,275,0.6931471805599453,4.02535169073515,4.02535169073515,0.6931471805599453,1,Normal
77d9cb30f296c026560aa40dca3b2ea2,39,0.6931471805599453,4.564348191467836,4.564348191467836,0.6931471805599453,0,VIP
77f5b57b1fd3c29e01928da52eec9688,459,0.6931471805599453,3.6635616461296463,3.6635616461296463,0.6931471805599453,2,Low Value
78baca597b33f5094bc49d6eb5bc3ef7,237,0.6931471805599453,4.02535169073515,4.02535169073515,0.6931471805599453,1,Normal
78e3d4cd1f3d3d98ed1e2a82359243fa,13,0.6931471805599453,4.0943445622221,4.0943445622221,0.6931471805599453,3,Normal
78e556184d89814929e07ffa62da5a34,397,0.6931471805599453,4.248495242049359,4.248495242049359,0.6931471805599453,2,Normal
7903689bafe7ce39335eaf8db300dc76,300,0.6931471805599453,3.912023005428146,3.912023005428146,0.6931471805599453,1,Normal
791f21713ed3038a4d418efc8e38b024,519,0.6931471805599453,3.912023005428146,3.912023005428146,0.6931471805599453,2,Normal
79373f20275625266d51f1186efb0b3d,326,0.6931471805599453,4.248495242049359,4.248495242049359,0.6931471805599453,1,Normal
793f775b1fdf09c2825522d411490094,471,0.6931471805599453,4.454347296253507,4.454347296253507,0.6931471805599453,2,VIP
797c63d3c9502e7f4fbd1e01f26ddd36,132,0.6931471805599453,4.59511985013459,3.912023005428146,1.0986122886681096,0,VIP
79f1f74a6b746e6e81deb90cd32881bb,352,0.6931471805599453,3.4011973816621555,3.4011973816621555,0.6931471805599453,2,Low Value
7a031e098378b76f944d11f0ee5a8633,77,0.6931471805599453,4.248495242049359,4.248495242049359,0.6931471805599453,0,Normal
7a2c6e92264ad14c7b32843979ff2925,97,0.6931471805599453,3.4011973816621555,3.4011973816621555,0.6931471805599453,3,Low Value
7a88128cf4f06d5ee259d5f410ffdd19,498,0.6931471805599453,3.912023005428146,3.912023005428146,0.6931471805599453,2,Normal
7a8e1b0645e380061ad930228297b7cd,94,0.6931471805599453,4.3694478524670215,4.3694478524670215,0.6931471805599453,0,VIP
7acfb833cd8ba1d316b560898fe0616d,538,0.6931471805599453,3.4011973816621555,3.4011973816621555,0.6931471805599453,2,Low Value
7b09482951912a5fb582aa19d353cfe3,45,0.6931471805599453,3.912023005428146,3.912023005428146,0.6931471805599453,3,Normal
7b550af0077fe5ed9a016c4a757d9284,299,0.6931471805599453,3.912023005428146,3.912023005428146,0.6931471805599453,1,Normal
7b604c727b4f6e033f95ec431a065890,74,0.6931471805599453,4.3694478524670215,4.3694478524670215,0.6931471805599453,0,VIP
7b7ea4b50f36a0a0d033492d62d52831,88,0.6931471805599453,3.58351893845611,3.58351893845611,0.6931471805599453,3,Low Value
7ba1d7225056b4b2bca4f688bcb5c88d,180,0.6931471805599453,3.912023005428146,3.912023005428146,0.6931471805599453,1,Normal
7baac76b8ecd2581992afa42a7544934,305,0.6931471805599453,3.912023005428146,3.912023005428146,0.6931471805599453,1,Normal
7bad21424b3455c0be2ac92e07700ddf,74,0.6931471805599453,4.3694478524670215,4.3694478524670215,0.6931471805599453,0,VIP
7bf8aae1f297a6cf8573f9da5286435d,54,0.6931471805599453,4.02535169073515,4.02535169073515,0.6931471805599453,3,Normal
7bfee396a66328e0fb0a65b05149bc6d,178,0.6931471805599453,3.912023005428146,3.912023005428146,0.6931471805599453,1,Normal
7c17fa5b4d1414e4317c736f6b8e1655,17,0.6931471805599453,3.912023005428146,3.912023005428146,0.6931471805599453,3,Normal
7c5f9342acbf10fe530bd1af65dcd739,396,0.6931471805599453,4.0943445622221,4.0943445622221,0.6931471805599453,2,Normal
7c6c7c9d99111878e8a53eae17cf37c9,77,0.6931471805599453,4.3694478524670215,4.3694478524670215,0.6931471805599453,0,VIP
7c72a48460762de7efe57efe71dd2324,454,0.6931471805599453,3.4011973816621555,3.4011973816621555,0.6931471805599453,2,Low Value
7d23932bed18bb15fea519d84389c3a3,36,0.6931471805599453,3.912023005428146,3.912023005428146,0.6931471805599453,3,Normal
7d2625e87726e734415fa5a81d08dc60,259,0.6931471805599453,3.6888794541139363,3.6888794541139363,0.6931471805599453,1,Low Value
7d414b6a1cf56a6bc5035f9eb436b15d,281,0.6931471805599453,4.867534450455582,4.867534450455582,0.6931471805599453,0,VIP
7d4df31262dd8ba49ca733793347fae7,22,0.6931471805599453,4.02535169073515,4.02535169073515,0.6931471805599453,3,Normal
7da4171131703f020277d09471f4f784,49,0.6931471805599453,3.912023005428146,3.912023005428146,0.6931471805599453,3,Normal
7dabcdb06eecc63dfc1137eb012d9834,446,0.6931471805599453,3.912023005428146,3.912023005428146,0.6931471805599453,2,Normal
7dc30b655870459930b7c7960205d283,432,0.6931471805599453,4.189654742026425,4.189654742026425,0.6931471805599453,2,Normal
7e16dc849b8d954febd4c2ab9a1b1c60,45,0.6931471805599453,4.3694478524670215,4.3694478524670215,0.6931471805599453,0,VIP
7e446899c378a6d808c54a9665db9218,332,0.6931471805599453,4.3694478524670215,4.3694478524670215,0.6931471805599453,1,VIP
7e53f6fd6787f3d9257b665f62d1e99f,88,0.6931471805599453,4.248495242049359,4.248495242049359,0.6931471805599453,0,Normal
7e6046e27fc1b03ec62bf8e8502a0728,446,0.6931471805599453,4.499809670330265,4.499809670330265,0.6931471805599453,2,VIP
7e63176e78c0b26a6c864fc790d67ee8,291,0.6931471805599453,3.4011973816621555,3.4011973816621555,0.6931471805599453,2,Low Value
7e69f0de32e5a4faa76241e5f728e9ba,45,0.6931471805599453,4.02535169073515,4.02535169073515,0.6931471805599453,3,Normal
7e77955246dbdcc33cb611f6a519a336,342,0.6931471805599453,3.912023005428146,3.912023005428146,0.6931471805599453,1,Normal
7e8044cc943709716d3b41bd9be977ae,537,0.6931471805599453,4.564348191467836,4.564348191467836,0.6931471805599453,2,VIP
7e84fb4ecab81f49ba6bae5a84d9ea77,117,0.6931471805599453,3.912023005428146,3.912023005428146,0.6931471805599453,1,Normal
7ee80de1a077e0aeae1783715ec36476,301,0.6931471805599453,3.4011973816621555,3.4011973816621555,0.6931471805599453,2,Low Value
7eeb6421712844795dd8ff9ec6a58b18,80,0.6931471805599453,4.564348191467836,4.564348191467836,0.6931471805599453,0,VIP
7ef6d1de203a99ee62a7d14e5329668d,345,0.6931471805599453,4.04305126783455,4.04305126783455,0.6931471805599453,1,Normal
7f3e8656011a9b8d6c12df5991ca69ff,40,1.0986122886681096,4.430816798843313,3.7495040759303713,1.0986122886681096,4,VIP
7fbae1934dd59a12e1a9dd69e7d4d723,269,0.6931471805599453,3.4011973816621555,3.4011973816621555,0.6931471805599453,2,Low Value
7fc10d4d2ceb33951fd36f247dedc462,207,0.6931471805599453,4.330733340286331,4.330733340286331,0.6931471805599453,1,VIP
7fc2e54bf3d557c5085b650c943d0fef,265,0.6931471805599453,4.189654742026425,4.189654742026425,0.6931471805599453,1,Normal
801d74763e618071fdf5b8ede04b8132,80,0.6931471805599453,4.3694478524670215,3.6888794541139363,1.0986122886681096,0,VIP
8031dbaed180f63387289db3223406f5,76,0.6931471805599453,4.564348191467836,4.564348191467836,0.6931471805599453,0,VIP
80475efd8b7d21169e4c2d90327f5f04,210,0.6931471805599453,4.0943445622221,4.0943445622221,0.6931471805599453,1,Normal
80b348fc644e8f8eb47443a3bd3a0ae0,357,0.6931471805599453,3.912023005428146,3.912023005428146,0.6931471805599453,1,Normal
80ebe85589175c3a1a4f2e83364bf627,400,0.6931471805599453,4.867534450455582,4.867534450455582,0.6931471805599453,0,VIP
8149101234b839e311a6f8c525206632,176,0.6931471805599453,3.912023005428146,3.912023005428146,0.6931471805599453,1,Normal
8163ea4d870aa941a0b5163d8d3a953a,183,0.6931471805599453,3.912023005428146,3.912023005428146,0.6931471805599453,1,Normal
816b6a32903cb4376b7022e10d5aae9e,69,0.6931471805599453,5.099866427824199,4.013375499688434,1.3862943611198906,0,VIP
816e808e3042b39419ced774da4bbdaf,463,0.6931471805599453,4.189654742026425,4.189654742026425,0.6931471805599453,2,Normal
8176dcb6bfd2aeb26c35863d2cdf5c54,268,0.6931471805599453,3.912023005428146,3.912023005428146,0.6931471805599453,1,Normal
817e4269707e78bf6a860b10968538bb,297,0.6931471805599453,4.499809670330265,4.499809670330265,0.6931471805599453,1,VIP
81e82130bc9944904ae78762e646d71e,297,0.6931471805599453,4.709530201312334,4.02535169073515,1.0986122886681096,0,VIP
828f2457cc5cc3bb2b26c271bd6193d1,54,0.6931471805599453,4.3694478524670215,4.3694478524670215,0.6931471805599453,0,VIP
82dc7709472b30bc2cc2c4ce1bd6f1ca,427,0.6931471805599453,4.02535169073515,4.02535169073515,0.6931471805599453,2,Normal
83450bc87c9135bf76eccb936c559f8b,376,0.6931471805599453,4.23410650459726,3.5553480614894135,1.0986122886681096,1,Normal
8353b15b3a1f9ebb6cecebcde4432d3b,29,0.6931471805599453,3.828641396489095,3.828641396489095,0.6931471805599453,3,Low Value
8356af66c0132c203bc366a3d6720ca2,23,0.6931471805599453,3.912023005428146,3.912023005428146,0.6931471805599453,3,Normal
8359bfaca63e1995f611738775bfe136,98,0.6931471805599453,3.4011973816621555,3.4011973816621555,0.6931471805599453,3,Low Value
8375b2713e9cdbe8191eda82663fcbec,232,0.6931471805599453,3.912023005428146,3.912023005428146,0.6931471805599453,1,Normal
83e87d38981219b636282a1ae1ec7e8f,70,0.6931471805599453,4.02535169073515,4.02535169073515,0.6931471805599453,3,Normal
840c9f2b3e272b3db17639de73dcccba,414,0.6931471805599453,4.02535169073515,4.02535169073515,0.6931471805599453,2,Normal
842d9f70503b0baa0149694622365dd6,76,0.6931471805599453,4.3694478524670215,4.3694478524670215,0.6931471805599453,0,VIP
8483bc5a480ea8769823bd5e723afef6,419,0.6931471805599453,5.075173815233827,5.075173815233827,0.6931471805599453,0,VIP
849438bd973d9af25c6166b85106929d,13,0.6931471805599453,3.8918202981106265,3.8918202981106265,0.6931471805599453,3,Low Value
84dc3f6d36a6eab4549b01bf8d2fd714,47,0.6931471805599453,3.8066624897703196,3.8066624897703196,0.6931471805599453,3,Low Value
84dcd4f8e6cc822ec2b01c1ced8d1ccf,481,0.6931471805599453,4.02535169073515,4.02535169073515,0.6931471805599453,2,Normal
84f22c0a22e52fe9be1aaf39388f43f4,124,0.6931471805599453,3.6888794541139363,3.6888794541139363,0.6931471805599453,3,Low Value
8554106a935bd40d3b9a25d1d683c887,405,0.6931471805599453,4.248495242049359,4.248495242049359,0.6931471805599453,2,Normal
85cc592cd0bc4fda8effa4b10ca8eeb7,23,0.6931471805599453,5.075173815233827,3.9889840465642745,1.3862943611198906,0,VIP
85fb37cacc45dfc2696bfb510fe411f4,304,0.6931471805599453,3.912023005428146,3.912023005428146,0.6931471805599453,1,Normal
86085586aaa8c5f47ed0b400da64c59d,59,0.6931471805599453,4.3694478524670215,4.3694478524670215,0.6931471805599453,0,VIP
8609b450c8db842f57ace24d4391e62a,349,0.6931471805599453,4.0943445622221,4.0943445622221,0.6931471805599453,1,Normal
8625b708ec6cc8afaf5d676fafc4f37e,564,0.6931471805599453,5.298317366548036,5.298317366548036,0.6931471805599453,0,VIP
863519c4448dfc98d4174ffe6ad98443,400,0.6931471805599453,4.3694478524670215,4.3694478524670215,0.6931471805599453,2,VIP
86564b6b0ff7a5f68904368f4ec84f2a,418,0.6931471805599453,3.912023005428146,3.912023005428146,0.6931471805599453,2,Normal
8660311748ba18cadc814eb18fe8472a,20,0.6931471805599453,4.709530201312334,4.02535169073515,1.0986122886681096,0,VIP
8664925ac4c650787892ff5eee0e92d1,89,0.6931471805599453,4.3694478524670215,4.3694478524670215,0.6931471805599453,0,VIP
866dc7313a096e4b4724a158516aad22,367,0.6931471805599453,3.4011973816621555,3.4011973816621555,0.6931471805599453,2,Low Value
867ab3f8d3ca7c9a3f6795bf80f439fe,295,0.6931471805599453,3.091042453358316,3.091042453358316,0.6931471805599453,2,Low Value
867b7062c0682497e4e283ca939e96f0,395,0.6931471805599453,4.0943445622221,4.0943445622221,0.6931471805599453,2,Normal
868c964d8398c4dc109d6593641cf23a,437,0.6931471805599453,3.4011973816621555,3.4011973816621555,0.6931471805599453,2,Low Value
86f16370f49070fc7fa10532c8d50c9f,46,0.6931471805599453,4.189654742026425,4.189654742026425,0.6931471805599453,0,Normal
870dac3d153ae0bd49c4ccb66dda6d80,215,0.6931471805599453,3.828641396489095,3.828641396489095,0.6931471805599453,1,Low Value
871d8e3ddc6aaebd0288d07eb1758d6e,16,0.6931471805599453,4.605170185988092,4.605170185988092,0.6931471805599453,0,VIP
872fea2a0b6382311a124318cfd3aa77,207,0.6931471805599453,4.330733340286331,4.330733340286331,0.6931471805599453,1,VIP
87556be40ca0f5bf64ba2b5e3d554991,27,0.6931471805599453,5.247024072160486,5.247024072160486,0.6931471805599453,0,VIP
8755b927cb43b4da13d66a7224905b30,24,0.6931471805599453,3.58351893845611,3.58351893845611,0.6931471805599453,3,Low Value
875a707bdfd8d6544f1b74a123b3010b,43,0.6931471805599453,4.605170185988092,4.605170185988092,0.6931471805599453,0,VIP
875e9bc9dba22c41f1931a2d55201ec1,519,0.6931471805599453,3.912023005428146,3.912023005428146,0.6931471805599453,2,Normal
877b70d8c09bd5bf687aff860ffd40e7,445,0.6931471805599453,3.912023005428146,3.912023005428146,0.6931471805599453,2,Normal
87be2e09352ed18e2ac2f7408fba1c11,122,0.6931471805599453,3.912023005428146,3.912023005428146,0.6931471805599453,1,Normal
8802075b15406fdd5d9de90a05da23ee,123,0.6931471805599453,4.3694478524670215,4.3694478524670215,0.6931471805599453,1,VIP
8819be7d0039db445ba2f771034bb1c4,10,0.6931471805599453,4.007333185232471,4.007333185232471,0.6931471805599453,3,Normal
883b752c6555b7fcc2760c45f2aa8b6d,165,0.6931471805599453,3.6888794541139363,3.6888794541139363,0.6931471805599453,1,Low Value
884ece68a7dcc287d561b33775df6004,313,0.6931471805599453,4.248495242049359,4.248495242049359,0.6931471805599453,1,Normal
88535ce94dd4815c579688dc9b87d5ed,82,0.6931471805599453,4.3694478524670215,4.3694478524670215,0.6931471805599453,0,VIP
8860815b8cf19603d76e32cb79f3c7c5,425,0.6931471805599453,4.07753744390572,3.4011973816621555,1.0986122886681096,2,Normal
8868915b7693d8dd554057e2323d87da,30,0.6931471805599453,5.111987788356544,5.111987788356544,0.6931471805599453,0,VIP
8870c2abd48d72e99d1664229a1f5e41,546,0.6931471805599453,4.709530201312334,4.02535169073515,1.0986122886681096,0,VIP
889a0bafe9567956da935b03fff1ce45,66,0.6931471805599453,4.3694478524670215,4.3694478524670215,0.6931471805599453,0,VIP
88b906efba2334e6a3bc813cba74e8f1,21,0.6931471805599453,4.605170185988092,4.605170185988092,0.6931471805599453,0,VIP
88ec9231d6ff9e21ab72423255e538cd,21,0.6931471805599453,3.912023005428146,3.912023005428146,0.6931471805599453,3,Normal
890b3541cfb2ee499ee2d4eede088792,67,0.6931471805599453,3.828641396489095,3.828641396489095,0.6931471805599453,3,Low Value
891618c12f88105f45643bcefe8e917f,129,0.6931471805599453,4.07753744390572,3.4011973816621555,1.0986122886681096,1,Normal
893a3e18a09332571b4cbb3d5b723c90,363,0.6931471805599453,4.02535169073515,4.02535169073515,0.6931471805599453,1,Normal
89ec41e937e816a3252d083df47f1af7,536,0.6931471805599453,3.912023005428146,3.912023005428146,0.6931471805599453,2,Normal
89efe7e4fae8f61f003241315a2a5f83,214,0.6931471805599453,4.02535169073515,4.02535169073515,0.6931471805599453,1,Normal
89f7c5e3da839cabad742eadf4731db2,246,0.6931471805599453,4.553876891600541,3.8712010109078907,1.0986122886681096,1,VIP
8a3aeeb20af1af4f71c73fdb720b206c,168,0.6931471805599453,3.912023005428146,3.912023005428146,0.6931471805599453,1,Normal
8a83acf0dd42f798fb6f421ee13e11b4,132,0.6931471805599453,3.912023005428146,3.912023005428146,0.6931471805599453,1,Normal
8a851617296124a4857303e40406411b,333,0.6931471805599453,3.912023005428146,3.912023005428146,0.6931471805599453,1,Normal
8a97fa55795a6c45b2bf9661b96fd049,75,0.6931471805599453,4.02535169073515,4.02535169073515,0.6931471805599453,3,Normal
8a9db9eecc862f85b411a51468d886a8,32,0.6931471805599453,4.564348191467836,4.564348191467836,0.6931471805599453,0,VIP
8aa3d3adeb6cd2fb1419a3b60166eedf,135,0.6931471805599453,4.3694478524670215,4.3694478524670215,0.6931471805599453,1,VIP
8aaf36b618a4473f308a71f685a12c97,72,0.6931471805599453,3.912023005428146,3.912023005428146,0.6931471805599453,3,Normal
8ad7b8a0718ec3b848f73a9406b8cc7f,549,0.6931471805599453,4.382026634673881,4.382026634673881,0.6931471805599453,2,VIP
8b0d12cf86fbe3d7b1968f73807cdf97,40,0.6931471805599453,4.02535169073515,4.02535169073515,0.6931471805599453,3,Normal
8b1116032c87632fb37d9c8918ae1b82,82,0.6931471805599453,4.3694478524670215,4.3694478524670215,0.6931471805599453,0,VIP
8b2097f2dea7a183301103d1154f12d0,380,0.6931471805599453,4.442651256490317,3.7612001156935624,1.0986122886681096,2,VIP
8b25c3b5aa20159c08f30bfd1923bea5,19,0.6931471805599453,3.912023005428146,3.912023005428146,0.6931471805599453,3,Normal
8b4447c69feb2b408e29edc0fe9d0253,281,0.6931471805599453,4.836281906951478,4.836281906951478,0.6931471805599453,0,VIP
8b480743fbc5cbebc7c83868fa796001,170,0.6931471805599453,3.4011973816621555,3.4011973816621555,0.6931471805599453,2,Low Value
8bb910cd8c3b29e4acf2e94e3aaffbbf,277,0.6931471805599453,4.564348191467836,4.564348191467836,0.6931471805599453,1,VIP
8bbf7b62bf80c76533c88fc2e5b2481e,410,0.6931471805599453,3.4011973816621555,3.4011973816621555,0.6931471805599453,2,Low Value
8beeaae4c263b8204ffd28a6e57bcec0,321,0.6931471805599453,3.912023005428146,3.912023005428146,0.6931471805599453,1,Normal
8bf0cea3dd9dd56ec55b3e62fb3b3651,294,0.6931471805599453,3.4011973816621555,3.4011973816621555,0.6931471805599453,2,Low Value
8c339a37cefe5212f730a44ec8e81767,162,0.6931471805599453,4.564348191467836,4.564348191467836,0.6931471805599453,1,VIP
8c47f5a910a028827b9955d1713795a9,295,0.6931471805599453,4.48863636973214,4.48863636973214,0.6931471805599453,1,VIP
8c7161f8aa1d6fd17947ff43ae9704eb,234,0.6931471805599453,3.912023005428146,3.912023005428146,0.6931471805599453,1,Normal
8cf5e0d2c58366b76f400a25fbe906d3,19,0.6931471805599453,3.912023005428146,3.912023005428146,0.6931471805599453,3,Normal
8d0615e684b7967c26746909cfe2c6ac,284,0.6931471805599453,4.248495242049359,4.248495242049359,0.6931471805599453,1,Normal
8d8d4c24208d333841e7808542a0f257,42,0.6931471805599453,3.4011973816621555,3.4011973816621555,0.6931471805599453,3,Low Value
8da41466c6673f9e6433645051ad4576,56,0.6931471805599453,4.02535169073515,4.02535169073515,0.6931471805599453,3,Normal
8dcf2096a68ce8212a3f534ab31ee23e,257,0.6931471805599453,3.8066624897703196,3.8066624897703196,0.6931471805599453,1,Low Value
8e14c74067a1b6c2130598663b71e501,310,0.6931471805599453,4.499809670330265,4.499809670330265,0.6931471805599453,1,VIP
8e23e1bea2faf1fd8b720933833ec474,259,0.6931471805599453,4.189654742026425,4.189654742026425,0.6931471805599453,1,Normal
8e4547314b8fea1abee84fa14a782a31,74,0.6931471805599453,3.912023005428146,3.912023005428146,0.6931471805599453,3,Normal
8e714421b31bf0865e55be929d99384c,61,0.6931471805599453,3.58351893845611,3.58351893845611,0.6931471805599453,3,Low Value
8e7252435155192d1e13288ffaa74ac2,74,0.6931471805599453,3.912023005428146,3.912023005428146,0.6931471805599453,3,Normal
8ea990b386a49864dfaeb836a9e195fa,298,0.6931471805599453,3.6888794541139363,3.6888794541139363,0.6931471805599453,1,Low Value
8eb802e5a3d2c10e013126ac11954e20,153,0.6931471805599453,3.912023005428146,3.912023005428146,0.6931471805599453,1,Normal
8f29552df9b476c07d4e156dc53d38ce,39,0.6931471805599453,4.3694478524670215,4.3694478524670215,0.6931471805599453,0,VIP
8f7b587514a39505f828678fdf6cae59,142,0.6931471805599453,4.02535169073515,4.02535169073515,0.6931471805599453,1,Normal
8f966cbad592741f380ef7b2e2ab564d,395,0.6931471805599453,3.4011973816621555,3.4011973816621555,0.6931471805599453,2,Low Value
8f9803fd3ad8ea0dc070cd6c12552d2f,390,0.6931471805599453,3.4011973816621555,3.4011973816621555,0.6931471805599453,2,Low Value
8fe321ed17c18cda96d1010a06938f77,207,0.6931471805599453,4.189654742026425,4.189654742026425,0.6931471805599453,1,Normal
8ffd6eb40d4628ad3d4e229b8c363a86,357,0.6931471805599453,4.02535169073515,4.02535169073515,0.6931471805599453,1,Normal
900cd19b12a13a27ae64bf2d4f1271ec,234,0.6931471805599453,3.912023005428146,3.912023005428146,0.6931471805599453,1,Normal
901769b1d83c3172e6f1c4bfd8ca695c,94,0.6931471805599453,3.912023005428146,3.912023005428146,0.6931471805599453,3,Normal
9073d24f5628a0ffdd7f9c686f7f3f5b,47,0.6931471805599453,4.02535169073515,4.02535169073515,0.6931471805599453,3,Normal
90f5dfa97563fd5d63ca27372dec3b21,220,0.6931471805599453,4.59511985013459,3.912023005428146,1.0986122886681096,1,VIP
91386671216084fa7b46885f47eb2c52,75,0.6931471805599453,3.6888794541139363,3.6888794541139363,0.6931471805599453,3,Low Value
9139df8acf63b031fb8cea0b5118c1c3,214,0.6931471805599453,4.709530201312334,4.02535169073515,1.0986122886681096,0,VIP
9140b4ae3b7f5699dcd5d3870cf1ac4b,135,0.6931471805599453,4.02535169073515,4.02535169073515,0.6931471805599453,1,Normal
9141edad498bb47527ed800e101b5f5f,220,0.6931471805599453,3.9316295350670645,3.9316295350670645,0.6931471805599453,1,Normal
9163021adfb215c73c552b42533bd9ae,40,0.6931471805599453,4.0943445622221,4.0943445622221,0.6931471805599453,3,Normal
9188d7d7c2489659514a96300f4b50ee,124,0.6931471805599453,3.58351893845611,3.58351893845611,0.6931471805599453,3,Low Value
91a2d741f9510c7afbdcaa8b10c0050f,341,0.6931471805599453,3.912023005428146,3.912023005428146,0.6931471805599453,1,Normal
91b86366ed203a41fe684e7d245cda10,409,0.6931471805599453,3.58351893845611,3.58351893845611,0.6931471805599453,2,Low Value
9210007accfb0fd8bd83b48a1e603f3a,235,0.6931471805599453,5.0106352940962555,5.0106352940962555,0.6931471805599453,0,VIP
92940a7c21067630362e012337723701,34,0.6931471805599453,3.828641396489095,3.828641396489095,0.6931471805599453,3,Low Value
92c32758ea322ec1c3cdac4c48cd84a4,272,0.6931471805599453,4.382026634673881,4.382026634673881,0.6931471805599453,1,VIP
92e0da7e678f9544ce9a1f6119c0fc20,540,0.6931471805599453,3.8918202981106265,3.8918202981106265,0.6931471805599453,2,Low Value
92e6b1a7f2ce6a0d8cc6ceb129d1bc34,219,0.6931471805599453,4.499809670330265,4.499809670330265,0.6931471805599453,1,VIP
93008f7d32cbeacccc2e2bced8ad7ebb,290,0.6931471805599453,3.4011973816621555,3.4011973816621555,0.6931471805599453,2,Low Value
930b47df55f7281c598c908585ae7435,11,0.6931471805599453,4.0943445622221,4.0943445622221,0.6931471805599453,3,Normal
932fdea469902e1012e36c4510356e66,179,0.6931471805599453,4.3694478524670215,4.3694478524670215,0.6931471805599453,1,VIP
9369070284424eca0fc33f978f2e8d0f,40,0.6931471805599453,4.564348191467836,4.564348191467836,0.6931471805599453,0,VIP
939fb305824c6e11ffad60eb8182c3dd,539,0.6931471805599453,3.4011973816621555,3.4011973816621555,0.6931471805599453,2,Low Value
94079f2d892bc75e6fca7e2cdb792d6e,84,0.6931471805599453,4.564348191467836,4.564348191467836,0.6931471805599453,0,VIP
9423e765e1167f4c09a153f01ff569b0,47,0.6931471805599453,3.4011973816621555,3.4011973816621555,0.6931471805599453,3,Low Value
9435bf9cb949594e48029575dfa3461b,46,0.6931471805599453,4.0943445622221,4.0943445622221,0.6931471805599453,3,Normal
9449e05527de6dc100d7b851364d8273,112,0.6931471805599453,4.564348191467836,4.564348191467836,0.6931471805599453,0,VIP
9454d2cbe5e471d051a3e90f7342e637,474,0.6931471805599453,3.912023005428146,3.912023005428146,0.6931471805599453,2,Normal
94694711948ad597542ec300073f7239,62,0.6931471805599453,3.828641396489095,3.828641396489095,0.6931471805599453,3,Low Value
9469cba934075437bf33275412b11eb6,47,0.6931471805599453,4.564348191467836,4.564348191467836,0.6931471805599453,0,VIP
946d9136133650c8e0348c71b47a3dc4,253,0.6931471805599453,3.4011973816621555,3.4011973816621555,0.6931471805599453,2,Low Value
949b75abf6fdda78201547bf5f4c07f5,32,0.6931471805599453,4.859812404361672,4.174387269895637,1.0986122886681096,0,VIP
94a9befc1bfdb4653e8afb91a8c79955,412,0.6931471805599453,3.4011973816621555,3.4011973816621555,0.6931471805599453,2,Low Value
94bb77e54d5b07b5fb1aee271da6c0a1,31,0.6931471805599453,3.912023005428146,3.912023005428146,0.6931471805599453,3,Normal
951577078b4e0ac49e34e90b059779a9,177,0.6931471805599453,3.912023005428146,3.912023005428146,0.6931471805599453,1,Normal
95aaa16c1b45878b2bf84bca34869884,386,0.6931471805599453,4.07753744390572,3.4011973816621555,1.0986122886681096,2,Normal
960f180815040987db5ebf9f90f591ff,70,0.6931471805599453,4.3694478524670215,4.3694478524670215,0.6931471805599453,0,VIP
9638a1c15270c287a78d0601ef262963,191,0.6931471805599453,3.6635616461296463,3.6635616461296463,0.6931471805599453,1,Low Value
96a9e66285108791875512fa49cab22f,365,0.6931471805599453,3.912023005428146,3.912023005428146,0.6931471805599453,1,Normal
96ce6d85f1fd6f113fa1298a27047f2a,216,0.6931471805599453,4.330733340286331,4.330733340286331,0.6931471805599453,1,VIP
96d266e850aa2d7b9322edbd4554ddb7,289,0.6931471805599453,3.912023005428146,3.912023005428146,0.6931471805599453,1,Normal
96ee2b9d0694882563bcee854e96ebab,106,0.6931471805599453,4.3694478524670215,4.3694478524670215,0.6931471805599453,0,VIP
971ba0fbba6d5c558ccec870cf0de5a5,451,0.6931471805599453,3.828641396489095,3.828641396489095,0.6931471805599453,2,Low Value
9735b3d802abcb5401b48972ffb3f435,398,0.6931471805599453,3.912023005428146,3.912023005428146,0.6931471805599453,2,Normal
973804558319d069370365fba324e716,79,0.6931471805599453,4.02535169073515,4.02535169073515,0.6931471805599453,3,Normal
97babdfdd49a90b6aee3d17729812665,356,0.6931471805599453,4.189654742026425,4.189654742026425,0.6931471805599453,1,Normal
97c1457864c3e179483de1a12fe3ad78,406,0.6931471805599453,4.248495242049359,4.248495242049359,0.6931471805599453,2,Normal
98262425ad6d0cf1b72cc9bd3b7dd7c8,71,0.6931471805599453,4.3694478524670215,4.3694478524670215,0.6931471805599453,0,VIP
984a6fcd52c0f2ead062016550a21ca1,283,0.6931471805599453,4.07753744390572,3.4011973816621555,1.0986122886681096,1,Normal
9880e2d648281c53e7116caf2f735212,411,0.6931471805599453,5.0106352940962555,5.0106352940962555,0.6931471805599453,0,VIP
98a56e63679377dd54c910134545cf13,327,0.6931471805599453,4.0943445622221,4.0943445622221,0.6931471805599453,1,Normal
98c9cab8294ee99442c0419a45637f03,61,0.6931471805599453,4.983606621708336,4.983606621708336,0.6931471805599453,0,VIP
98d560cef5f3cb9f5405580488338871,470,0.6931471805599453,4.04305126783455,4.04305126783455,0.6931471805599453,2,Normal
98db3c67c1a371adf2798a5eb366584e,112,0.6931471805599453,5.247024072160486,5.247024072160486,0.6931471805599453,0,VIP
9976a6eff003bbc0280a428ed781f0e1,48,0.6931471805599453,4.02535169073515,4.02535169073515,0.6931471805599453,3,Normal
997bdee4984cf6061062303a6a5f6c97,448,0.6931471805599453,4.867534450455582,4.867534450455582,0.6931471805599453,0,VIP
99829659b11fdc940b09a440412559bc,36,0.6931471805599453,4.07753744390572,4.07753744390572,0.6931471805599453,3,Normal
998e3593995352c47e48ce9f079714ac,200,0.6931471805599453,4.248495242049359,4.248495242049359,0.6931471805599453,1,Normal
9993796d78160390efc1cdbcda4aff11,132,0.6931471805599453,4.3694478524670215,4.3694478524670215,0.6931471805599453,1,VIP
99a7a92362fa7e80923c1e4545ff5f3c,179,0.6931471805599453,3.912023005428146,3.912023005428146,0.6931471805599453,1,Normal
99c0a4ee465df8aa8a68e3219b3ad69d,89,0.6931471805599453,4.02535169073515,4.02535169073515,0.6931471805599453,3,Normal
99f61b9e74beda8340887ae720a862c2,274,0.6931471805599453,5.247024072160486,5.247024072160486,0.6931471805599453,0,VIP
9a14a8bafa4097a68f52dd678c82aea0,278,0.6931471805599453,3.4011973816621555,3.4011973816621555,0.6931471805599453,2,Low Value
9a176d6883a469743a27791158707f97,291,0.6931471805599453,3.912023005428146,3.912023005428146,0.6931471805599453,1,Normal
9a846ca77f404659bd94979a3864db64,307,0.6931471805599453,3.4011973816621555,3.4011973816621555,0.6931471805599453,2,Low Value
9a909e39723b88c47dd3090505ce7299,391,0.6931471805599453,3.6888794541139363,3.6888794541139363,0.6931471805599453,2,Low Value
9ad975523c3a2bad3b00ae2a5f2c34f4,12,0.6931471805599453,4.605170185988092,4.605170185988092,0.6931471805599453,0,VIP
9af713649e755bdd42938b78b4b2d538,171,0.6931471805599453,3.4011973816621555,3.4011973816621555,0.6931471805599453,2,Low Value
9b2dccad222e3faa329b265f6208c9d2,441,0.6931471805599453,3.8918202981106265,3.8918202981106265,0.6931471805599453,2,Low Value
9b417c6b2cc3845bd2ff0d7dd558617e,316,0.6931471805599453,4.499809670330265,4.499809670330265,0.6931471805599453,1,VIP
9b69530e0634e85ed714be31be339682,46,0.6931471805599453,4.0943445622221,4.0943445622221,0.6931471805599453,3,Normal
9b79aec89c7df00d67d7a0ec8a9bbb7e,406,0.6931471805599453,3.912023005428146,3.912023005428146,0.6931471805599453,2,Normal
9b9035de65d332968851b326ee7463b2,365,0.6931471805599453,3.912023005428146,3.912023005428146,0.6931471805599453,1,Normal
9b9aa67941ab5886ffebd2e42a24c537,74,0.6931471805599453,4.653960350157523,3.970291913552122,1.0986122886681096,0,VIP
9bca37310a1cc59159af130954a00334,284,0.6931471805599453,4.07753744390572,3.4011973816621555,1.0986122886681096,1,Normal
9c0d01f2bd55d074b2cad35cb0301476,386,0.6931471805599453,4.499809670330265,4.499809670330265,0.6931471805599453,2,VIP
9c36d6853ff388e442479f3f64f7a169,346,0.6931471805599453,5.247024072160486,5.247024072160486,0.6931471805599453,0,VIP
9c50268003cb298005552488ca129c5e,522,0.6931471805599453,4.382026634673881,4.382026634673881,0.6931471805599453,2,VIP
9c5df6bb007c24706b2032574dbc7393,135,0.6931471805599453,3.6888794541139363,3.6888794541139363,0.6931471805599453,3,Low Value
9c726dd74d402358614b097f18aa4a69,70,0.6931471805599453,4.02535169073515,4.02535169073515,0.6931471805599453,3,Normal
9c96c91622cb35449952fbd419a6dced,327,0.6931471805599453,4.3694478524670215,3.6888794541139363,1.0986122886681096,1,VIP
9cb1abc10e2f73a0296bc7eaf48e4712,41,0.6931471805599453,5.247024072160486,5.247024072160486,0.6931471805599453,0,VIP
9cb5815e09a510d171950eeb02fcd932,138,0.6931471805599453,3.4011973816621555,3.4011973816621555,0.6931471805599453,2,Low Value
9cb5b6ca9f36f66e35b55cd70fb81d12,29,0.6931471805599453,4.3694478524670215,4.3694478524670215,0.6931471805599453,0,VIP
9cd376adbdfaaafcac4c330f970fba56,12,0.6931471805599453,4.356708826689592,4.356708826689592,0.6931471805599453,0,VIP
9cfb3c93996078bc581e2a5132238b01,79,0.6931471805599453,3.828641396489095,3.828641396489095,0.6931471805599453,3,Low Value
9d0de98e6804a35e0827de58c2066702,139,0.6931471805599453,3.912023005428146,3.912023005428146,0.6931471805599453,1,Normal
9d215ac353daeef73aee872460338e3e,430,0.6931471805599453,3.6888794541139363,3.6888794541139363,0.6931471805599453,2,Low Value
9d2165e3c2e565068ba7239f2db3bff4,56,0.6931471805599453,4.02535169073515,4.02535169073515,0.6931471805599453,3,Normal
9d21e56e55199fef0823482f7d3d582d,70,0.6931471805599453,3.912023005428146,3.912023005428146,0.6931471805599453,3,Normal
9d493b6fed36dd8659da595caf65f112,23,0.6931471805599453,4.02535169073515,4.02535169073515,0.6931471805599453,3,Normal
9d730871939ca4de00608749fdb43051,227,0.6931471805599453,4.3694478524670215,4.3694478524670215,0.6931471805599453,1,VIP
9d8dc25430137a5ab65ced93af039e14,34,0.6931471805599453,3.828641396489095,3.828641396489095,0.6931471805599453,3,Low Value
9d90edd76b7414655a3283f7eeeff8fe,423,0.6931471805599453,5.0106352940962555,5.0106352940962555,0.6931471805599453,0,VIP
9db1efe7f18219fb291bbd05354d5ccc,190,0.6931471805599453,3.4011973816621555,3.4011973816621555,0.6931471805599453,2,Low Value
9ddffcc1c50f3ffe02ff8b5b7a7e2d3a,530,0.6931471805599453,3.5553480614894135,3.5553480614894135,0.6931471805599453,2,Low Value
9df783c5ccd1c3fdd2844dff2b00269d,145,0.6931471805599453,4.189654742026425,4.189654742026425,0.6931471805599453,1,Normal
9e1a887900d571126078e1c10e3d9cf1,132,0.6931471805599453,4.564348191467836,4.564348191467836,0.6931471805599453,0,VIP
9e30b232ba6ef1aea396bf9c64b71e89,325,0.6931471805599453,3.4011973816621555,3.4011973816621555,0.6931471805599453,2,Low Value
9e51005074429bed27517ef8cc329d9c,207,0.6931471805599453,3.8066624897703196,3.8066624897703196,0.6931471805599453,1,Low Value
9e6022ed480820dc8af6062bca316538,86,0.6931471805599453,4.04305126783455,4.04305126783455,0.6931471805599453,3,Normal
9e98e4329d3644ac09aafdcfb03913ec,321,0.6931471805599453,3.912023005428146,3.912023005428146,0.6931471805599453,1,Normal
9ea5189ea8097b1d2887448e0ae709d3,78,0.6931471805599453,3.4011973816621555,3.4011973816621555,0.6931471805599453,3,Low Value
9ebc86f2cebed3a02dad1e9736d7bad2,527,0.6931471805599453,4.0943445622221,4.0943445622221,0.6931471805599453,2,Normal
9ed98d2f877849920b7b4d179aaf78c1,41,0.6931471805599453,4.9344739331306915,4.248495242049359,1.0986122886681096,0,VIP
9ee8fe93d7c4700c0b81f805c9b0240e,54,0.6931471805599453,3.912023005428146,3.912023005428146,0.6931471805599453,3,Normal
9eff28e46bd86366c63f7d4720551dfa,264,0.6931471805599453,5.075173815233827,5.075173815233827,0.6931471805599453,0,VIP
9f21e452ad775dbfd19dc3df687a8958,250,0.6931471805599453,4.3694478524670215,4.3694478524670215,0.6931471805599453,1,VIP
9f227c6fa314eba38c6481b38736ba75,536,0.6931471805599453,5.272999558563747,3.506557897319982,1.9459101490553132,0,VIP
9f268d26a5ab9839702b621fbcda4f5f,364,0.6931471805599453,4.02535169073515,4.02535169073515,0.6931471805599453,1,Normal
9f45575a536109d829284ab1d98bff59,38,0.6931471805599453,3.4011973816621555,3.4011973816621555,0.6931471805599453,3,Low Value
9f7b4889edfde8168e6963d71422864e,44,0.6931471805599453,3.58351893845611,3.58351893845611,0.6931471805599453,3,Low Value
9fe8cb705d35cf54025160f9f01b7cc4,265,0.6931471805599453,4.59511985013459,3.912023005428146,1.0986122886681096,1,VIP
9ff3ae8f4903e1f8c744a718f45ec759,161,0.6931471805599453,4.02535169073515,4.02535169073515,0.6931471805599453,1,Normal
9ff7c7ec579329774397b8a7df7c688b,370,0.6931471805599453,4.3694478524670215,4.3694478524670215,0.6931471805599453,2,VIP
a012fe8bb6719911e91306badb45e4de,366,0.6931471805599453,4.9344739331306915,4.9344739331306915,0.6931471805599453,0,VIP
a0473c784973eb981e835a87128c35ca,178,0.6931471805599453,3.912023005428146,3.912023005428146,0.6931471805599453,1,Normal
a08f304a6de13bbfdc5686bb4958dc4a,259,0.6931471805599453,3.912023005428146,3.912023005428146,0.6931471805599453,1,Normal
a09a1aed3df952e2716804bdaf2b04e2,356,0.6931471805599453,4.605170185988092,4.605170185988092,0.6931471805599453,2,VIP
a0ae0dbbdc2266b6715a97b8c21bf461,455,0.6931471805599453,4.330733340286331,4.330733340286331,0.6931471805599453,2,VIP
a0e363eb99ec5c321d26ef6618308918,67,0.6931471805599453,4.867534450455582,4.867534450455582,0.6931471805599453,0,VIP
a0e39e460fe1aa52eb9affe3b7b4ff9f,514,0.6931471805599453,3.6375861597263857,3.6375861597263857,0.6931471805599453,2,Low Value
a0ec75d54358c7f8aa3d2fd6f1fcf523,219,0.6931471805599453,4.02535169073515,4.02535169073515,0.6931471805599453,1,Normal
a10ebff5171e4fbd99d9c92c8ed4bf8e,69,0.6931471805599453,3.912023005428146,3.912023005428146,0.6931471805599453,3,Normal
a1115d825bcc8a2878f31514a3e40d93,31,0.6931471805599453,4.3694478524670215,4.3694478524670215,0.6931471805599453,0,VIP
a11f9210c12f1fe74078881adf37bb65,362,0.6931471805599453,4.564348191467836,4.564348191467836,0.6931471805599453,2,VIP
a146081765b59c325434932f131e2a98,357,0.6931471805599453,4.248495242049359,4.248495242049359,0.6931471805599453,1,Normal
a147b35c04951884b4bbd65a0085cf88,68,0.6931471805599453,4.499809670330265,4.499809670330265,0.6931471805599453,0,VIP
a160253d2a6e0d66453fa6c5dcb69ace,357,0.6931471805599453,4.02535169073515,4.02535169073515,0.6931471805599453,1,Normal
a16f65d65c3ef42c39ca5f2c36e0d0f3,11,0.6931471805599453,4.02535169073515,4.02535169073515,0.6931471805599453,3,Normal
a1d2ef2819793edd5a0f4f1547769a4a,269,0.6931471805599453,4.3694478524670215,4.3694478524670215,0.6931471805599453,1,VIP
a200d46a89cf042fc992338bbb37551e,64,0.6931471805599453,3.828641396489095,3.828641396489095,0.6931471805599453,3,Low Value
a2236686090f13308295eebef6700383,346,0.6931471805599453,3.4011973816621555,3.4011973816621555,0.6931471805599453,2,Low Value
a23108f756b3895fb5e3b45df2148ddb,92,0.6931471805599453,4.564348191467836,4.564348191467836,0.6931471805599453,0,VIP
a2643467d478699be6b4aa38f004e1d1,76,0.6931471805599453,4.867534450455582,4.867534450455582,0.6931471805599453,0,VIP
a27046f21f698508f05aed8f18c2b976,245,0.6931471805599453,3.912023005428146,3.912023005428146,0.6931471805599453,1,Normal
a286aeced7b21e444987a4ff818452a9,255,0.6931471805599453,4.867534450455582,4.867534450455582,0.6931471805599453,0,VIP
a2b3dadeee49f301f5307689f05d49c2,14,0.6931471805599453,3.912023005428146,3.912023005428146,0.6931471805599453,3,Normal
a2b7188b91416738f3f713f6e107f276,196,0.6931471805599453,4.330733340286331,4.330733340286331,0.6931471805599453,1,VIP
a2ec34c17bddf46369fb937db73f57c2,302,0.6931471805599453,3.828641396489095,3.828641396489095,0.6931471805599453,1,Low Value
a2f9228d7ce95f638bb8196b6508447d,313,0.6931471805599453,4.499809670330265,4.499809670330265,0.6931471805599453,1,VIP
a32be2e3d1dba17965097301df1f325b,27,0.6931471805599453,4.330733340286331,4.330733340286331,0.6931471805599453,0,VIP
a35d1b259c51d86b51ebda6cd3da7ec2,278,0.6931471805599453,4.499809670330265,4.499809670330265,0.6931471805599453,1,VIP
a3be37c56727c179cbaefa67f424b3d8,397,0.6931471805599453,3.4011973816621555,3.4011973816621555,0.6931471805599453,2,Low Value
a3c22bbd3ae5d6200ac82078b67eec2a,265,1.0986122886681096,5.480638923341991,4.390325437488577,1.3862943611198906,4,VIP
a3f05ff1490a859c1c7fae280e8c8180,17,0.6931471805599453,3.912023005428146,3.912023005428146,0.6931471805599453,3,Normal
a42b40d38a7f36ac266f23c79453c549,61,0.6931471805599453,3.8066624897703196,3.8066624897703196,0.6931471805599453,3,Low Value
a42ffc28669de348758b75a923d1f6d1,494,0.6931471805599453,3.828641396489095,3.828641396489095,0.6931471805599453,2,Low Value
a450fcbdcd8ee5b47be8d61ee234123d,19,0.6931471805599453,4.3694478524670215,4.3694478524670215,0.6931471805599453,0,VIP
a4d91b80bdb82de936dd0aee6fda52fb,69,0.6931471805599453,4.3694478524670215,4.3694478524670215,0.6931471805599453,0,VIP
a5240b77797f64b4c55d9ea4309ca7e7,67,0.6931471805599453,3.912023005428146,3.912023005428146,0.6931471805599453,3,Normal
a53eb9109f4268d6fd8c215a2bbd1938,131,0.6931471805599453,4.867534450455582,4.867534450455582,0.6931471805599453,0,VIP
a57e52701c9a09efd6d58268f8f2edcc,416,0.6931471805599453,3.912023005428146,3.912023005428146,0.6931471805599453,2,Normal
a5a66842f57f78fb350c764782c05216,89,0.6931471805599453,4.3694478524670215,4.3694478524670215,0.6931471805599453,0,VIP
a5b599f7e1de50cf80ed962d8304eff4,382,0.6931471805599453,4.04305126783455,4.04305126783455,0.6931471805599453,1,Normal
a5e0ad284b56e1ff925d76689048062c,533,0.6931471805599453,3.6888794541139363,3.6888794541139363,0.6931471805599453,2,Low Value
a5e41393e9f2a8f257215af86413b958,412,0.6931471805599453,4.2626798770413155,3.58351893845611,1.0986122886681096,2,VIP
a600326c4b39923579b9bcd2f5274fef,323,0.6931471805599453,4.867534450455582,4.867534450455582,0.6931471805599453,0,VIP
a608b2986016a54588f7fd3cbbac7db9,414,0.6931471805599453,4.0943445622221,4.0943445622221,0.6931471805599453,2,Normal
a686b427a239fff6fcc3f329d50bba3e,42,0.6931471805599453,3.912023005428146,3.912023005428146,0.6931471805599453,3,Normal
a6cba59c4c0f2a153e06859f9c623890,31,0.6931471805599453,4.0943445622221,4.0943445622221,0.6931471805599453,3,Normal
a6cf899cf6e51cb274fa411f7b31dc63,494,0.6931471805599453,3.4011973816621555,3.4011973816621555,0.6931471805599453,2,Low Value
a6d0f0af65b75d0d96777a63602e375e,45,0.6931471805599453,4.07753744390572,4.07753744390572,0.6931471805599453,3,Normal
a6e1eb7e78b8557118e99b34281f66f4,74,0.6931471805599453,4.3694478524670215,4.3694478524670215,0.6931471805599453,0,VIP
a71cac9f356cfeb9db35061020806212,8,0.6931471805599453,5.231108616854587,4.543294782270004,1.0986122886681096,0,VIP
a73e6eaba2c6686e1816deb945415e1e,339,0.6931471805599453,3.912023005428146,3.912023005428146,0.6931471805599453,1,Normal
a74ecacd024fd7996f07f4dde56248e3,256,0.6931471805599453,3.912023005428146,3.912023005428146,0.6931471805599453,1,Normal
a76755933c997e2d5a1cf81a3db71e8e,341,0.6931471805599453,3.4011973816621555,3.4011973816621555,0.6931471805599453,2,Low Value
a78c7a68877d33bacf81b01bc4a4d2f2,490,0.6931471805599453,3.8916161956504833,3.8916161956504833,0.6931471805599453,2,Low Value
a7d4cb9ba936ebc0eb30b73c5d3a62d8,134,0.6931471805599453,4.564348191467836,4.564348191467836,0.6931471805599453,0,VIP
a7f03777ae5c3fb3e06e96dda0a8923c,458,0.6931471805599453,4.3694478524670215,4.3694478524670215,0.6931471805599453,2,VIP
a83eb530aa080e7d3d2ba962e9b3e4a5,262,0.6931471805599453,3.828641396489095,3.828641396489095,0.6931471805599453,1,Low Value
a83f20d50b465aa027f8a60d98b044ee,166,0.6931471805599453,5.075173815233827,5.075173815233827,0.6931471805599453,0,VIP
a8536e72851311b3102b544254fdac0b,57,0.6931471805599453,4.3694478524670215,4.3694478524670215,0.6931471805599453,0,VIP
a8f51700ba0a05ea6c535139886ad4e1,144,0.6931471805599453,4.3694478524670215,4.3694478524670215,0.6931471805599453,1,VIP
a8f8322acce094f1b97d463b74ae94c3,331,0.6931471805599453,4.382026634673881,4.382026634673881,0.6931471805599453,1,VIP
a90972574724de6c803a4e955d451e52,108,0.6931471805599453,3.4011973816621555,3.4011973816621555,0.6931471805599453,3,Low Value
a9620df464e8953a5b6b8c2c1b138189,88,0.6931471805599453,3.912023005428146,3.912023005428146,0.6931471805599453,3,Normal
a96d7918dd2acf81b73291f82cfe31dd,197,0.6931471805599453,4.248495242049359,4.248495242049359,0.6931471805599453,1,Normal
a984fa01bbb288d06dcba8f1a654e825,124,0.6931471805599453,4.0943445622221,4.0943445622221,0.6931471805599453,1,Normal
a9a503537308b220c7686c2189ddbf3a,126,0.6931471805599453,4.07753744390572,3.4011973816621555,1.0986122886681096,1,Normal
a9b4929689bc74b4d8764b7214a9bbc8,225,0.6931471805599453,4.07753744390572,3.4011973816621555,1.0986122886681096,1,Normal
a9c58149b8d3e6d19d3f1cc6d9fc8d10,34,0.6931471805599453,4.02535169073515,4.02535169073515,0.6931471805599453,3,Normal
a9cf937719d2881fc6841f36dd5a709a,35,0.6931471805599453,4.3694478524670215,4.3694478524670215,0.6931471805599453,0,VIP
a9e070f61d35aa13e420c8597b5ccb3d,226,0.6931471805599453,4.07753744390572,3.4011973816621555,1.0986122886681096,1,Normal
a9fbcde432c048fe5741d2c14006640d,283,0.6931471805599453,5.0106352940962555,5.0106352940962555,0.6931471805599453,0,VIP
aa1a036afef8181797a6e3f8b96d91b8,168,0.6931471805599453,4.605170185988092,4.605170185988092,0.6931471805599453,1,VIP
aa3716e0b036304a02aac08dca43ddf2,228,0.6931471805599453,3.912023005428146,3.912023005428146,0.6931471805599453,1,Normal
aa4919acd3da6c99755918ec0759e7a4,84,0.6931471805599453,4.3694478524670215,4.3694478524670215,0.6931471805599453,0,VIP
aa815f1078d52c0372c2afb4ec151b2d,227,0.6931471805599453,3.4011973816621555,3.4011973816621555,0.6931471805599453,2,Low Value
aa8c932576d8ba562f48505a9f25a2be,542,0.6931471805599453,5.0689042022202315,4.382026634673881,1.0986122886681096,0,VIP
aaa346447b09efdc442a08b80e86d77a,300,0.6931471805599453,4.31748811353631,3.6375861597263857,1.0986122886681096,1,VIP
aae0e96ff119585d363a1792e5ea5835,396,0.6931471805599453,3.4011973816621555,3.4011973816621555,0.6931471805599453,2,Low Value
aaf42127a0270cf3994499c494bdc4cc,31,0.6931471805599453,3.828641396489095,3.828641396489095,0.6931471805599453,3,Low Value
ab0369f66ee9ae7a31ebc491f73b5c5b,26,0.6931471805599453,4.3694478524670215,4.3694478524670215,0.6931471805599453,0,VIP
ab1f3897b6b112b22582f6a9c3a2e7f1,194,0.6931471805599453,4.605170185988092,4.605170185988092,0.6931471805599453,1,VIP
ab654ea423caf4fd8644891d185c3fc9,420,0.6931471805599453,4.31748811353631,3.6375861597263857,1.0986122886681096,2,VIP
ab744045d2445f5bae53b57a4b99bfbf,260,1.3862943611198906,5.4116460518550396,4.321922710604176,1.3862943611198906,4,VIP
aba97868dce31f99c572d291e9095946,404,0.6931471805599453,5.298317366548036,5.298317366548036,0.6931471805599453,0,VIP
abb30df339614118b0728ba40e31780e,356,0.6931471805599453,4.564348191467836,4.564348191467836,0.6931471805599453,2,VIP
abc017d3113db8f1188effb0fdf80a76,344,0.6931471805599453,4.02535169073515,4.02535169073515,0.6931471805599453,1,Normal
abd87d6b8230ec9abd478b70fbb6df2b,493,0.6931471805599453,3.912023005428146,3.912023005428146,0.6931471805599453,2,Normal
abfcf5294c0a5ee36b722b5773b68c1d,16,0.6931471805599453,3.4011973816621555,3.4011973816621555,0.6931471805599453,3,Low Value
ac0bac29018682cf0fd770f7e2591853,281,0.6931471805599453,3.912023005428146,3.912023005428146,0.6931471805599453,1,Normal
ac16af5a67d8afc81afb0bf511cd0ffb,218,0.6931471805599453,3.912023005428146,3.912023005428146,0.6931471805599453,1,Normal
ac4316047f392ac02340c4b6160d95a8,31,0.6931471805599453,3.912023005428146,3.912023005428146,0.6931471805599453,3,Normal
ac4660b9e431ccd9dc1eeccae0368002,118,0.6931471805599453,3.4011973816621555,3.4011973816621555,0.6931471805599453,3,Low Value
ac7b071fc00dc5ed165bc5a3a9192aba,333,0.6931471805599453,3.4011973816621555,3.4011973816621555,0.6931471805599453,2,Low Value
ac8302986b817117d13bfec24517a5b8,279,0.6931471805599453,4.248495242049359,4.248495242049359,0.6931471805599453,1,Normal
ac939740cbc9e252219dd33ec9680158,411,0.6931471805599453,4.0943445622221,4.0943445622221,0.6931471805599453,2,Normal
acd046ff2c7ad6d4b091883063c93ff6,185,0.6931471805599453,3.6888794541139363,3.6888794541139363,0.6931471805599453,1,Low Value
ace1a02191cad5678a1c6f53e16be84d,304,0.6931471805599453,5.10594547390058,4.418840607796598,1.0986122886681096,0,VIP
ad17534f112a3517bf0258c37ab922bd,111,0.6931471805599453,3.912023005428146,3.912023005428146,0.6931471805599453,1,Normal
ad1ba362b0121447945a47fe07fef188,283,0.6931471805599453,3.912023005428146,3.912023005428146,0.6931471805599453,1,Normal
ad9f17317092cd1f0c69407fe5e2107d,267,0.6931471805599453,3.912023005428146,3.912023005428146,0.6931471805599453,1,Normal
adaacf4205569e4442d0475628f168b8,413,0.6931471805599453,3.912023005428146,3.912023005428146,0.6931471805599453,2,Normal
adaee8b5d69a42a179d0aa95e6763a92,356,0.6931471805599453,3.912023005428146,3.912023005428146,0.6931471805599453,1,Normal
ae177a2510a63a7ae57ad76a9a99b876,313,0.6931471805599453,3.8066624897703196,3.8066624897703196,0.6931471805599453,1,Low Value
ae362278a888614b4fc58a3f203c5f8c,228,0.6931471805599453,3.4011973816621555,3.4011973816621555,0.6931471805599453,2,Low Value
ae3e48f07b8242fa45f29dca1ce36a08,87,1.0986122886681096,4.941642422609304,3.857214768933151,1.3862943611198906,4,VIP
ae5351d296545d7956d2192f74b86bbe,292,0.6931471805599453,5.135798437050262,5.135798437050262,0.6931471805599453,0,VIP
ae98f5a00b4d01521a06567ba1f0033d,79,0.6931471805599453,3.912023005428146,3.912023005428146,0.6931471805599453,3,Normal
aebb2db7f8b3b0c49f198c6de54e231a,223,0.6931471805599453,4.248495242049359,4.248495242049359,0.6931471805599453,1,Normal
aecdd0791cbeff822896d4514e14acaf,462,0.6931471805599453,4.499809670330265,4.499809670330265,0.6931471805599453,2,VIP
aedcbd139350338facf98d925e36b9b0,520,0.6931471805599453,4.248495242049359,4.248495242049359,0.6931471805599453,2,Normal
aeecf7bd5ed83636a9e87f36f691be93,198,0.6931471805599453,3.4011973816621555,3.4011973816621555,0.6931471805599453,2,Low Value
af636925bae501a8f8b9969413c53b7b,292,0.6931471805599453,5.075173815233827,5.075173815233827,0.6931471805599453,0,VIP
af7854a3570a864baa19f099c67d3e07,406,0.6931471805599453,5.043425116919247,4.356708826689592,1.0986122886681096,0,VIP
af8657cf35a8c9d9d23b8bdb4a771aa4,239,0.6931471805599453,3.4011973816621555,3.4011973816621555,0.6931471805599453,2,Low Value
afb1ff1bf8b652e29568c11fdb0c7af8,123,0.6931471805599453,5.521460917862246,5.521460917862246,0.6931471805599453,0,VIP
b008a8d6518bc068dbde2d6f4f249c89,225,0.6931471805599453,4.499809670330265,4.499809670330265,0.6931471805599453,1,VIP
b010c55c8b77285afc3eda1fc35f390c,321,0.6931471805599453,4.499809670330265,4.499809670330265,0.6931471805599453,1,VIP
b0244718d4393188d94d5dce8224f2ff,357,0.6931471805599453,3.912023005428146,3.912023005428146,0.6931471805599453,1,Normal
b077b77adf79331dcfd0c85379e4d5b3,454,0.6931471805599453,3.8066624897703196,3.8066624897703196,0.6931471805599453,2,Low Value
b082c8d5d20a36d4da1cb3a93475636f,382,0.6931471805599453,3.4011973816621555,3.4011973816621555,0.6931471805599453,2,Low Value
b0ba2e0d0afecff3b850f4c9675b6f1c,517,0.6931471805599453,4.564348191467836,4.564348191467836,0.6931471805599453,2,VIP
b0d28a4603fe3c14a3f6cf3e4b22582b,398,0.6931471805599453,4.248495242049359,4.248495242049359,0.6931471805599453,2,Normal
b0d6f35277a168b76fcf334d9ea0eefd,243,0.6931471805599453,4.3694478524670215,4.3694478524670215,0.6931471805599453,1,VIP
b0f0645d5e8bcfbc782017390ec1fa77,256,0.6931471805599453,4.564348191467836,4.564348191467836,0.6931471805599453,1,VIP
b10a30376fa755c87171aab8fb7e397b,179,0.6931471805599453,4.867534450455582,4.867534450455582,0.6931471805599453,0,VIP
b133a3a7e60d02d01b9d4573061f96b2,145,0.6931471805599453,4.248495242049359,4.248495242049359,0.6931471805599453,1,Normal
b134d1fbe77d00a8e0a4ce9d855ea927,31,0.6931471805599453,4.248495242049359,4.248495242049359,0.6931471805599453,0,Normal
b14b2d45dc2bff15545c56f4ef1ca1ad,109,0.6931471805599453,3.912023005428146,3.912023005428146,0.6931471805599453,1,Normal
b14b300adb85ecd1176d98768fdbba74,415,0.6931471805599453,3.58351893845611,3.58351893845611,0.6931471805599453,2,Low Value
b17edf8c0f122279a1160720468ebc69,95,0.6931471805599453,4.02535169073515,4.02535169073515,0.6931471805599453,3,Normal
b1acdafc7f3a6e64a03daa1ca70faa4f,137,0.6931471805599453,4.68213122712422,3.9982007016691985,1.0986122886681096,0,VIP
b1c7eba683a980e054bbd1e870414446,543,0.6931471805599453,3.6888794541139363,3.6888794541139363,0.6931471805599453,2,Low Value
b1c936c1a71a46cf4b840a9851486d86,292,0.6931471805599453,3.4011973816621555,3.4011973816621555,0.6931471805599453,2,Low Value
b1caed4a34bad18b88cdd65798312464,416,0.6931471805599453,3.912023005428146,3.912023005428146,0.6931471805599453,2,Normal
b1cea2fe484ca4819c2f6a48563d03bf,42,0.6931471805599453,4.02535169073515,4.02535169073515,0.6931471805599453,3,Normal
b210143805b6aa5e382fb2acc7b26e88,338,0.6931471805599453,3.4011973816621555,3.4011973816621555,0.6931471805599453,2,Low Value
b210912672cf72ad8a2408b009fee65b,286,0.6931471805599453,4.48863636973214,4.48863636973214,0.6931471805599453,1,VIP
b21e6ad1f970ff49e9a60fc17ecbf181,128,0.6931471805599453,4.02535169073515,4.02535169073515,0.6931471805599453,1,Normal
b23ffa84f950d53d9bd788be1b65d92c,293,0.6931471805599453,4.382026634673881,4.382026634673881,0.6931471805599453,1,VIP
b25a21b56a2d74da49e04cadbc9e0dd8,223,0.6931471805599453,3.6888794541139363,3.6888794541139363,0.6931471805599453,1,Low Value
b277f691da352faf9a7efb5fdb28ee86,47,0.6931471805599453,3.912023005428146,3.912023005428146,0.6931471805599453,3,Normal
b2ad5a5e154642b975afe1d70ef27f63,452,0.6931471805599453,3.58351893845611,3.58351893845611,0.6931471805599453,2,Low Value
b2c59485a6c797464a23de924cb1a490,481,0.6931471805599453,4.382026634673881,4.382026634673881,0.6931471805599453,2,VIP
b2df74467e6df08cd01d724669ac0808,194,0.6931471805599453,4.0943445622221,4.0943445622221,0.6931471805599453,1,Normal
b30bedf72f26c865890fd833ff44a96c,265,0.6931471805599453,3.912023005428146,3.912023005428146,0.6931471805599453,1,Normal
b31a94a325327a6510959097a43bd82e,89,0.6931471805599453,4.564348191467836,4.564348191467836,0.6931471805599453,0,VIP
b33655881531e0e8a90b2fd264c9a0f3,42,0.6931471805599453,4.3694478524670215,4.3694478524670215,0.6931471805599453,0,VIP
b3c63bd8c386723f4bc7a6bf2fe50303,230,0.6931471805599453,4.04305126783455,4.04305126783455,0.6931471805599453,1,Normal
b3d43bd56a11bef7fd4563bc852625ad,348,0.6931471805599453,3.4011973816621555,3.4011973816621555,0.6931471805599453,2,Low Value
b434a4f306b4eb09c0d57b76f0c4684d,70,0.6931471805599453,4.189654742026425,4.189654742026425,0.6931471805599453,0,Normal
b43917cd62ac1e423e928d1fa3391f29,316,0.6931471805599453,3.912023005428146,3.912023005428146,0.6931471805599453,1,Normal
b4487f7becb51a93d4d0ef1256e60d99,365,0.6931471805599453,3.4011973816621555,3.4011973816621555,0.6931471805599453,2,Low Value
b4775480db52304d754446c219170341,359,0.6931471805599453,4.02535169073515,4.02535169073515,0.6931471805599453,1,Normal
b4941529220bac7ffeea84883ea9fc52,340,0.6931471805599453,3.4011973816621555,3.4011973816621555,0.6931471805599453,2,Low Value
b4c043504d96f3ec89b0d7b8f4b94945,539,0.6931471805599453,3.912023005428146,3.912023005428146,0.6931471805599453,2,Normal
b4dcade04bc548b7e3b0243c801f8c26,5,0.6931471805599453,4.605170185988092,4.605170185988092,0.6931471805599453,0,VIP
b4e4f24de1e8725b74e4a1f4975116ed,192,0.6931471805599453,3.9316295350670645,3.9316295350670645,0.6931471805599453,1,Normal
b4e9081fbe80a81ef8477723a6533591,501,0.6931471805599453,3.828641396489095,3.828641396489095,0.6931471805599453,2,Low Value
b525978184c53a6051f72e2343ffce0e,267,0.6931471805599453,4.7535901911063645,4.7535901911063645,0.6931471805599453,0,VIP
b5464389046818dc7c08d2c2ad6cbf39,95,0.6931471805599453,4.3694478524670215,4.3694478524670215,0.6931471805599453,0,VIP
b548b867f81bcfa918b0dfd616317e4f,300,0.6931471805599453,3.4011973816621555,3.4011973816621555,0.6931471805599453,2,Low Value
b554d643b7f403df39bed691b256b9cc,284,0.6931471805599453,3.4011973816621555,3.4011973816621555,0.6931471805599453,2,Low Value
b5b4a3b4816d929131b326e43438e045,493,0.6931471805599453,3.6635616461296463,3.6635616461296463,0.6931471805599453,2,Low Value
b5f9e64d3695a5af924e9906a9644593,92,0.6931471805599453,4.3694478524670215,4.3694478524670215,0.6931471805599453,0,VIP
b608071231c11d157110f753ab62fbdb,336,0.6931471805599453,3.4011973816621555,3.4011973816621555,0.6931471805599453,2,Low Value
b6264382015251f0779ccb486bd9cc8e,14,0.6931471805599453,4.007333185232471,4.007333185232471,0.6931471805599453,3,Normal
b65381b27858a3c87f83c3f987d5ea52,234,0.6931471805599453,4.248495242049359,4.248495242049359,0.6931471805599453,1,Normal
b671e82f0b2f2e714a51d67da28843e9,298,0.6931471805599453,3.4011973816621555,3.4011973816621555,0.6931471805599453,2,Low Value
b680711d9a869502a6966a7892ab97cc,32,0.6931471805599453,3.912023005428146,3.912023005428146,0.6931471805599453,3,Normal
b698379306c3fad0ab64d82a63a770a2,276,1.0986122886681096,4.442651256490317,3.7612001156935624,1.0986122886681096,4,VIP
b6aa5a87f6c08e2510324edca009810f,356,0.6931471805599453,3.912023005428146,3.912023005428146,0.6931471805599453,1,Normal
b6b1da1ef61aceafc708a1f8f54d9e1c,400,0.6931471805599453,3.912023005428146,3.912023005428146,0.6931471805599453,2,Normal
b6bb8e4780df00a25fa34335d3dc1330,353,1.0986122886681096,4.51085950651685,3.828641396489095,1.0986122886681096,4,VIP
b6c55254112a965e3a2f5503bc56a48a,209,0.6931471805599453,4.248495242049359,4.248495242049359,0.6931471805599453,1,Normal
b6e2e472b325c10e40784bc2ec3e2c5d,135,0.6931471805599453,4.867534450455582,4.867534450455582,0.6931471805599453,0,VIP
b7365f8cf460918200ef5b03a8c20ff6,417,0.6931471805599453,3.9316295350670645,3.9316295350670645,0.6931471805599453,2,Normal
b77f8ac92262c373ac7fbf59b7a990c7,20,0.6931471805599453,4.02535169073515,4.02535169073515,0.6931471805599453,3,Normal
b7b68a8bb6ca48aefdd5790e04cda817,182,0.6931471805599453,3.4011973816621555,3.4011973816621555,0.6931471805599453,2,Low Value
b7e2b4e7e5bbfc11eb1b22e6d822926b,122,0.6931471805599453,3.912023005428146,3.912023005428146,0.6931471805599453,1,Normal
b7eab7a6fd456a4a5971575074a89b50,546,0.6931471805599453,3.912023005428146,3.912023005428146,0.6931471805599453,2,Normal
b81e63948bfc11535eb52b79a50ca7d5,76,0.6931471805599453,4.23410650459726,3.5553480614894135,1.0986122886681096,0,Normal
b83722ed61968b223045b865deb698c8,17,0.6931471805599453,4.564348191467836,4.564348191467836,0.6931471805599453,0,VIP
b8731e690e93059f3b4963e28014c654,216,0.6931471805599453,4.477336814478207,3.4011973816621555,1.3862943611198906,1,VIP
b885f966435a0ec1b81d25981ac9cb59,235,0.6931471805599453,4.330733340286331,4.330733340286331,0.6931471805599453,1,VIP
b89e8adcd81b4e77d1d67eed240eb456,444,0.6931471805599453,3.4011973816621555,3.4011973816621555,0.6931471805599453,2,Low Value
b8fcb607fbf16af25bcf08dda8ba3e72,363,0.6931471805599453,4.382026634673881,4.382026634673881,0.6931471805599453,2,VIP
b90f8350a21ce2d3e3b179194223d4e2,285,0.6931471805599453,3.4011973816621555,3.4011973816621555,0.6931471805599453,2,Low Value
b93a4deada6d827a70b483590de59679,394,0.6931471805599453,3.4011973816621555,3.4011973816621555,0.6931471805599453,2,Low Value
b9a3be66ad1e2db9370e4bf610778dbe,287,0.6931471805599453,3.58351893845611,3.58351893845611,0.6931471805599453,1,Low Value
b9e7338660d73f5859f01679923b475b,249,0.6931471805599453,3.4011973816621555,3.4011973816621555,0.6931471805599453,2,Low Value
ba12e015f03481b290c31f07ef7765a5,62,0.6931471805599453,3.4011973816621555,3.4011973816621555,0.6931471805599453,3,Low Value
ba79285c1641cd230587b014f0838230,290,0.6931471805599453,4.02535169073515,4.02535169073515,0.6931471805599453,1,Normal
baf208634cba2dd58d646763fe563ef4,452,0.6931471805599453,3.912023005428146,3.912023005428146,0.6931471805599453,2,Normal
bb5f90cb9fe4e14ba4fa8ede8fdf7e29,225,0.6931471805599453,4.0943445622221,4.0943445622221,0.6931471805599453,1,Normal
bb79d959742bc5cfa09653723cfada37,32,0.6931471805599453,4.3694478524670215,4.3694478524670215,0.6931471805599453,0,VIP
bbaa2d6cd83d545d1f7ab577f8551eba,286,0.6931471805599453,3.912023005428146,3.912023005428146,0.6931471805599453,1,Normal
bbbf3cc9b5188ceae0d52571c5f37975,255,0.6931471805599453,3.912023005428146,3.912023005428146,0.6931471805599453,1,Normal
bbd2ce57f57e6a7b4f93c16cad9a0a76,453,0.6931471805599453,3.912023005428146,3.912023005428146,0.6931471805599453,2,Normal
bbf645d1ccb2a6cfc744838145df0659,488,0.6931471805599453,3.912023005428146,3.912023005428146,0.6931471805599453,2,Normal
bc0264bc0c4bb6620a60f9424092b552,387,0.6931471805599453,4.605170185988092,4.605170185988092,0.6931471805599453,2,VIP
bc0753845feb6658c6e57514ac58928c,234,0.6931471805599453,4.983606621708336,4.983606621708336,0.6931471805599453,0,VIP
bc095bd3bdf356d753e9731b3e5181f8,88,0.6931471805599453,3.8066624897703196,3.8066624897703196,0.6931471805599453,3,Low Value
bc0d145abaff89b9a0a1fa6d495c98df,318,0.6931471805599453,3.4011973816621555,3.4011973816621555,0.6931471805599453,2,Low Value
bc1f556775d3a257626c8c7203e26366,26,0.6931471805599453,3.912023005428146,3.912023005428146,0.6931471805599453,3,Normal
bc6fcf73e35d6d0e147d7f2f72d9a89b,77,0.6931471805599453,4.02535169073515,4.02535169073515,0.6931471805599453,3,Normal
bc897a7580447cd7bb7416411d0b6442,44,0.6931471805599453,4.02535169073515,4.02535169073515,0.6931471805599453,3,Normal
bcc058e7668566225dda3a5c4c9ed514,227,0.6931471805599453,4.02535169073515,4.02535169073515,0.6931471805599453,1,Normal
bcca9404e66ecba9714e6eb9343d2054,75,0.6931471805599453,4.770684624465665,4.085976312551584,1.0986122886681096,0,VIP
bcfc1d8cf64a476b003cee4599f9fd11,232,0.6931471805599453,3.6888794541139363,3.6888794541139363,0.6931471805599453,1,Low Value
bd253227ca6d422caeeb349da9b1ef66,361,0.6931471805599453,4.867534450455582,4.867534450455582,0.6931471805599453,0,VIP
bd45cc3d978aa1deea0c23ca2d60c54e,146,0.6931471805599453,3.912023005428146,3.912023005428146,0.6931471805599453,1,Normal
bd696e11daa7aeee5f08ef9612677281,530,0.6931471805599453,3.6375861597263857,3.6375861597263857,0.6931471805599453,2,Low Value
bd86b1862fe796149a4d2af57bd85451,159,0.6931471805599453,3.912023005428146,3.912023005428146,0.6931471805599453,1,Normal
bdfd71dfee6faa67122cc7cdbc14d9f7,205,0.6931471805599453,3.4011973816621555,3.4011973816621555,0.6931471805599453,2,Low Value
bdff11e0a0086e8b282e2b386a6c9b49,39,0.6931471805599453,3.912023005428146,3.912023005428146,0.6931471805599453,3,Normal
be276bc43fdf88180e01106af89e9284,103,0.6931471805599453,4.02535169073515,4.02535169073515,0.6931471805599453,1,Normal
be5bc3180a8da5f7358cbc327fc250aa,283,0.6931471805599453,3.4011973816621555,3.4011973816621555,0.6931471805599453,2,Low Value
be6f596c573b9b2f254c3047c5b0c1b3,230,0.6931471805599453,3.4011973816621555,3.4011973816621555,0.6931471805599453,2,Low Value
be7b4743f3a408de0793052d159a2a96,527,0.6931471805599453,4.189654742026425,4.189654742026425,0.6931471805599453,2,Normal
bea1175ad79f600b0d364fd0b25203d4,196,0.6931471805599453,4.04305126783455,4.04305126783455,0.6931471805599453,1,Normal
beac562d7faeb93b84ce539a096c920a,279,0.6931471805599453,4.0943445622221,4.0943445622221,0.6931471805599453,1,Normal
becbd8b84211141c236eb290d639b705,498,0.6931471805599453,3.8918202981106265,3.8918202981106265,0.6931471805599453,2,Low Value
becd44269251bda71e2d4f3e53630028,465,0.6931471805599453,4.0943445622221,4.0943445622221,0.6931471805599453,2,Normal
bf334eb0f64130d3385bbb4f0a8b605b,19,0.6931471805599453,3.8066624897703196,3.8066624897703196,0.6931471805599453,3,Low Value
bf39e3be6c1bf000bc0cabe1815d92f5,338,0.6931471805599453,3.828641396489095,3.828641396489095,0.6931471805599453,1,Low Value
bf5f1d4548334174d5371158205504a5,342,0.6931471805599453,4.02535169073515,4.02535169073515,0.6931471805599453,1,Normal
bf86879619eefd3ee1da656434e09204,276,0.6931471805599453,4.3694478524670215,4.3694478524670215,0.6931471805599453,1,VIP
bf95e665e75a658ab1331b1830faba9f,401,0.6931471805599453,4.477336814478207,3.4011973816621555,1.3862943611198906,2,VIP
bfa83f01d2982ad63ce61fd220ac5d98,25,0.6931471805599453,4.3694478524670215,4.3694478524670215,0.6931471805599453,0,VIP
c015b2be46e1dbfe84981d75273c7932,272,0.6931471805599453,3.912023005428146,3.912023005428146,0.6931471805599453,1,Normal
c017dd879d85882c771c816b1c144608,537,0.6931471805599453,3.912023005428146,3.912023005428146,0.6931471805599453,2,Normal
c079abb4d146311eb113fffc850247f2,346,0.6931471805599453,4.248495242049359,4.248495242049359,0.6931471805599453,1,Normal
c08ea6258b493d6e3d11bcdb6bd2c4c3,148,0.6931471805599453,3.6888794541139363,3.6888794541139363,0.6931471805599453,1,Low Value
c0bc4a1f3c2124439a09a2042683880b,355,0.6931471805599453,3.912023005428146,3.912023005428146,0.6931471805599453,1,Normal
c0f48cdb61ec6051c5aa770aa62011a9,436,0.6931471805599453,3.4011973816621555,3.4011973816621555,0.6931471805599453,2,Low Value
c120aa71a6791d0e4ea52a637edd95d8,483,0.6931471805599453,4.983606621708336,4.983606621708336,0.6931471805599453,0,VIP
c13a71d8829d7a1331c60adde3f4f39a,49,0.6931471805599453,4.3694478524670215,4.3694478524670215,0.6931471805599453,0,VIP
c1d5c8a228c599b2e9cf038f8e8a944b,95,0.6931471805599453,3.912023005428146,3.912023005428146,0.6931471805599453,3,Normal
c21b2f442f530e0d5da659ca110c3792,315,0.6931471805599453,3.4011973816621555,3.4011973816621555,0.6931471805599453,2,Low Value
c2279d745ab2b9347f3b8826a8ed513c,82,0.6931471805599453,4.3694478524670215,4.3694478524670215,0.6931471805599453,0,VIP
c23350a5f9bad5e2cbc3a3e04f6791f0,222,0.6931471805599453,3.912023005428146,3.912023005428146,0.6931471805599453,1,Normal
c23807fd33ced021030a267cf0193ca8,490,0.6931471805599453,3.912023005428146,3.912023005428146,0.6931471805599453,2,Normal
c26525a6863cd7b333a3bb8de64eff74,32,0.6931471805599453,3.912023005428146,3.912023005428146,0.6931471805599453,3,Normal
c2a444c39a2d87b50039f910db917e3d,73,0.6931471805599453,3.912023005428146,3.912023005428146,0.6931471805599453,3,Normal
c2b85086965c0fed46df434ddd474a9a,261,0.6931471805599453,4.248495242049359,4.248495242049359,0.6931471805599453,1,Normal
c2e283d2ac43b8ac70d6b29a6dc9457a,20,0.6931471805599453,5.3471075307174685,5.3471075307174685,0.6931471805599453,0,VIP
c3113dcea93f1d9c82baa236fc449286,548,0.6931471805599453,4.3694478524670215,4.3694478524670215,0.6931471805599453,2,VIP
c330406902ae56bdcaf46f6ebfce8249,138,0.6931471805599453,3.912023005428146,3.912023005428146,0.6931471805599453,1,Normal
c3bb4cf482e9f1b6c7bcbc5c5ca785a7,195,0.6931471805599453,4.248495242049359,4.248495242049359,0.6931471805599453,1,Normal
c3d7eec78d52a03d9524c49064b55a33,245,0.6931471805599453,4.867534450455582,4.867534450455582,0.6931471805599453,0,VIP
c3da934a20ea5e25e85e3a03cb0f0945,246,0.6931471805599453,3.912023005428146,3.912023005428146,0.6931471805599453,1,Normal
c4145f73e98c4b88733fd7d1735f83b6,294,0.6931471805599453,3.828641396489095,3.828641396489095,0.6931471805599453,1,Low Value
c44cf006eb2be388f690fad0ebf05111,29,0.6931471805599453,4.3694478524670215,4.3694478524670215,0.6931471805599453,0,VIP
c45d4de67afc1595e075c69f75dd9d6a,11,0.6931471805599453,4.584967478670572,3.9019726695746444,1.0986122886681096,0,VIP
c4817a6a08e1d6d902b3d84628999fad,182,0.6931471805599453,3.6635616461296463,3.6635616461296463,0.6931471805599453,1,Low Value
c4d781fcde967593104a3f3adaee38c6,471,0.6931471805599453,3.912023005428146,3.912023005428146,0.6931471805599453,2,Normal
c4dc608f01a1f50ac458d2ed8c1c01d4,271,0.6931471805599453,3.8066624897703196,3.8066624897703196,0.6931471805599453,1,Low Value
c4e2475e00e1b2f1a420b39d13b3f208,43,0.6931471805599453,4.3694478524670215,4.3694478524670215,0.6931471805599453,0,VIP
c4fe88ef40a66475cf29d13afbb7fa99,295,0.6931471805599453,3.912023005428146,3.912023005428146,0.6931471805599453,1,Normal
c50794dfc62b62a84f72475abf38b4e3,49,1.0986122886681096,4.9344739331306915,4.248495242049359,1.0986122886681096,4,VIP
c515d225a46c74127e6f6cce939fead6,300,0.6931471805599453,3.4011973816621555,3.4011973816621555,0.6931471805599453,2,Low Value
c57eec8752714491b49a0af853dd80e6,239,0.6931471805599453,4.02535169073515,4.02535169073515,0.6931471805599453,1,Normal
c601f5196438b2836f6de978734b2829,325,0.6931471805599453,3.912023005428146,3.912023005428146,0.6931471805599453,1,Normal
c632e20fcb1d14b0ce7162f6f5aad738,30,0.6931471805599453,4.3694478524670215,4.3694478524670215,0.6931471805599453,0,VIP
c6427022dca698735b975d8abf0214cc,42,0.6931471805599453,4.248495242049359,4.248495242049359,0.6931471805599453,0,Normal
c64f0751d9163317080fb55992862366,271,0.6931471805599453,3.912023005428146,3.912023005428146,0.6931471805599453,1,Normal
c718e7e51226888a1ae92687aa320a16,396,0.6931471805599453,4.499809670330265,4.499809670330265,0.6931471805599453,2,VIP
c77e23eaf95f4eccf648bd5f480f1ea3,447,0.6931471805599453,4.499809670330265,4.499809670330265,0.6931471805599453,2,VIP
c7bf5a629f5e3da7dc993b6e624fdb68,433,0.6931471805599453,3.6888794541139363,3.6888794541139363,0.6931471805599453,2,Low Value
c7e75ac138d8dbdd7279cfc654a87374,354,0.6931471805599453,4.02535169073515,4.02535169073515,0.6931471805599453,1,Normal
c810a6f02311f981239ecba3426e50dc,271,0.6931471805599453,3.4011973816621555,3.4011973816621555,0.6931471805599453,2,Low Value
c811311629fd3d76f5ca5eeb2abfa7e8,512,0.6931471805599453,3.8916161956504833,3.8916161956504833,0.6931471805599453,2,Low Value
c812aa7c662b4880c8db8bd0519d7a9a,381,0.6931471805599453,4.3694478524670215,4.3694478524670215,0.6931471805599453,2,VIP
c81c9108cffad3027309e6f0ff327de4,69,0.6931471805599453,3.58351893845611,3.58351893845611,0.6931471805599453,3,Low Value
c843b255e98911eb5a8c0062e6b0894b,250,0.6931471805599453,5.298317366548036,5.298317366548036,0.6931471805599453,0,VIP
c849a0fd33ec23b342f1e357af114080,84,0.6931471805599453,4.02535169073515,4.02535169073515,0.6931471805599453,3,Normal
c86556ba7ecff25b48444d094c9848fd,126,0.6931471805599453,4.0943445622221,4.0943445622221,0.6931471805599453,1,Normal
c86942df78b3afb9163f3a48ffb92b8b,184,0.6931471805599453,4.189654742026425,4.189654742026425,0.6931471805599453,1,Normal
c8ce6e595a13490bcc23db5a7915b4e8,347,0.6931471805599453,4.07753744390572,3.4011973816621555,1.0986122886681096,1,Normal
c8eadc17e79fccb2c2d59598a56a377e,174,0.6931471805599453,4.0943445622221,4.0943445622221,0.6931471805599453,1,Normal
c9eb65d2fb911d6c024d919b2a11f932,216,0.6931471805599453,3.4011973816621555,3.4011973816621555,0.6931471805599453,2,Low Value
c9f6a35fdfd118cb8e47d1dde1e52acd,372,0.6931471805599453,3.091042453358316,3.091042453358316,0.6931471805599453,2,Low Value
ca55f9ebddc988ee65f4dea1a93ebc98,464,0.6931471805599453,4.02535169073515,4.02535169073515,0.6931471805599453,2,Normal
ca59f10d5962ce3f6f7c524f118f5aa3,306,0.6931471805599453,4.983606621708336,4.983606621708336,0.6931471805599453,0,VIP
ca5ee952d96f8ead031e0ba820164b45,166,0.6931471805599453,3.6888794541139363,3.6888794541139363,0.6931471805599453,1,Low Value
ca7b3c23d1c5f37c4af1b5079d0bfa02,143,0.6931471805599453,4.02535169073515,4.02535169073515,0.6931471805599453,1,Normal
caa1a53d52986e888322bcc60b71064d,83,0.6931471805599453,3.6888794541139363,3.6888794541139363,0.6931471805599453,3,Low Value
cae8d7d8ea325e8755c68853f86fad23,117,0.6931471805599453,3.828641396489095,3.828641396489095,0.6931471805599453,1,Low Value
caf01fb26e84f619031d545a6e85f626,66,0.6931471805599453,3.912023005428146,3.912023005428146,0.6931471805599453,3,Normal
cb122aa513fca4ae239b13e057b1e012,110,0.6931471805599453,4.0943445622221,4.0943445622221,0.6931471805599453,1,Normal
cb29f0cbb169b96f94f9394e1b6bc872,407,0.6931471805599453,3.4011973816621555,3.4011973816621555,0.6931471805599453,2,Low Value
cb4253d36367737b6baa4f8ca58fac62,123,0.6931471805599453,3.912023005428146,3.912023005428146,0.6931471805599453,1,Normal
cb653a512ac6b53d6944c89b2e22b1c2,24,0.6931471805599453,3.912023005428146,3.912023005428146,0.6931471805599453,3,Normal
cb6dd31fc9aa82104d52bc8fe94bd7b5,316,0.6931471805599453,4.189654742026425,4.189654742026425,0.6931471805599453,1,Normal
cbc4d2d699aac253fdf128197a2c5cc3,311,0.6931471805599453,4.02535169073515,4.02535169073515,0.6931471805599453,1,Normal
cbc532e386016d35f07649a505964e7e,45,0.6931471805599453,5.056245805348308,4.3694478524670215,1.0986122886681096,0,VIP
cbcc21723b550ad904f7a7f2ee690cea,137,0.6931471805599453,4.564348191467836,4.564348191467836,0.6931471805599453,0,VIP
cc3db54bae11167976708abdc66729eb,131,0.6931471805599453,3.58351893845611,3.58351893845611,0.6931471805599453,3,Low Value
cc4adf86e974ab9714a4646e2c77719d,78,0.6931471805599453,4.3694478524670215,4.3694478524670215,0.6931471805599453,0,VIP
ccc1b0d223798bd711b0799cbac29d36,334,0.6931471805599453,4.248495242049359,4.248495242049359,0.6931471805599453,1,Normal
ccc25edb24a6888b0a406ed43a1c04fd,32,0.6931471805599453,4.653960350157523,3.970291913552122,1.0986122886681096,0,VIP
ccd1e342947650f0c8b3cd9b89a3c8af,10,0.6931471805599453,4.356708826689592,4.356708826689592,0.6931471805599453,0,VIP
cce60deaaf8381ca01ea7c3ab36cfbfc,40,0.6931471805599453,4.02535169073515,4.02535169073515,0.6931471805599453,3,Normal
cd075a6a1a43c9bf18e2c2cf6a210275,205,0.6931471805599453,5.247024072160486,5.247024072160486,0.6931471805599453,0,VIP
cd6173be20a8569b0c08caa941074ee0,236,0.6931471805599453,4.02535169073515,4.02535169073515,0.6931471805599453,1,Normal
cd7dfa92564753240d16519f1590e0a2,451,0.6931471805599453,3.912023005428146,3.912023005428146,0.6931471805599453,2,Normal
cdd0d75ebaeda86b5d2e5219938d3248,85,0.6931471805599453,3.912023005428146,3.912023005428146,0.6931471805599453,3,Normal
ce1e7217ea011d677ec6cb73c1966b16,460,0.6931471805599453,3.912023005428146,3.912023005428146,0.6931471805599453,2,Normal
ce44949f516f2da1050e29618cee082b,30,0.6931471805599453,4.3694478524670215,4.3694478524670215,0.6931471805599453,0,VIP
ce810a11e88562c4c10f642e7487c5a5,256,0.6931471805599453,3.912023005428146,3.912023005428146,0.6931471805599453,1,Normal
cebe9c005461df797cd6341e470370d7,95,0.6931471805599453,4.3694478524670215,4.3694478524670215,0.6931471805599453,0,VIP
cec42b5f6696e2dffad94f98200b5038,465,0.6931471805599453,3.4011973816621555,3.4011973816621555,0.6931471805599453,2,Low Value
ced5b4e51451a5a29396804556132e2d,239,0.6931471805599453,5.170483995038151,5.170483995038151,0.6931471805599453,0,VIP
cef1d9676dafcd1c21483e3acc8c77ba,445,0.6931471805599453,4.499809670330265,4.499809670330265,0.6931471805599453,2,VIP
cefc7ca7e5539436c9c83eb0368e3131,119,0.6931471805599453,5.075173815233827,5.075173815233827,0.6931471805599453,0,VIP
cf038612c8729d1aae8d8199bf87b357,257,0.6931471805599453,4.3694478524670215,4.3694478524670215,0.6931471805599453,1,VIP
cf35f043d3883b6e556804361d1c654c,548,0.6931471805599453,4.499809670330265,4.499809670330265,0.6931471805599453,2,VIP
cf6b98f603de1d8450dc0096e30eeecc,33,0.6931471805599453,4.787491742782046,4.787491742782046,0.6931471805599453,0,VIP
cf9723959a7c6638b3bfe7352376d307,356,0.6931471805599453,3.828641396489095,3.828641396489095,0.6931471805599453,1,Low Value
cfacbd72d80d18ad557d6c8a725e97dd,323,0.6931471805599453,4.499809670330265,4.499809670330265,0.6931471805599453,1,VIP
cfb82bcf7df6cc44ee0dd204e6b03fd7,112,0.6931471805599453,4.248495242049359,4.248495242049359,0.6931471805599453,1,Normal
cfbfda1dfc473038374c320ab6dc0c71,180,0.6931471805599453,3.4011973816621555,3.4011973816621555,0.6931471805599453,2,Low Value
cfcf7d13ce4e8be36c33e4d90b420878,58,0.6931471805599453,4.499809670330265,4.499809670330265,0.6931471805599453,0,VIP
cfd8e25e492965efb735946dba2f2daf,94,0.6931471805599453,4.3694478524670215,4.3694478524670215,0.6931471805599453,0,VIP
cfe1eef136a158a468e62ab7599aa256,18,0.6931471805599453,4.3694478524670215,4.3694478524670215,0.6931471805599453,0,VIP
cfe627e21a0f80c4cc6a4682b6ad84a7,43,0.6931471805599453,4.07753744390572,4.07753744390572,0.6931471805599453,3,Normal
d0056bd9d4087f8278028e3251a6b2e9,17,0.6931471805599453,4.3694478524670215,4.3694478524670215,0.6931471805599453,0,VIP
d01d54208bf0038028d9fba4bd495ea2,78,0.6931471805599453,4.6913478822291435,4.007333185232471,1.0986122886681096,0,VIP
d0396c9cbd0ab4fcc1723eb4df72ffc0,123,0.6931471805599453,4.07753744390572,4.07753744390572,0.6931471805599453,1,Normal
d03c15e6b366080f5ac8174d1c2c9b9c,188,0.6931471805599453,3.912023005428146,3.912023005428146,0.6931471805599453,1,Normal
d045f088e61a2992328a462929fcfc9a,445,0.6931471805599453,4.564348191467836,4.564348191467836,0.6931471805599453,2,VIP
d05013504cc471a973af3e91dc6b52fe,160,0.6931471805599453,4.3694478524670215,3.6888794541139363,1.0986122886681096,1,VIP
d0609a36bb71a14bffd247f7201fffb2,303,0.6931471805599453,4.867534450455582,4.867534450455582,0.6931471805599453,0,VIP
d098e82023890ae36af4c8ee360102c7,369,0.6931471805599453,5.0106352940962555,5.0106352940962555,0.6931471805599453,0,VIP
d0a6453b80e82672b2b70e82ce1c4e9e,553,0.6931471805599453,4.248495242049359,4.248495242049359,0.6931471805599453,2,Normal
d0eb866981b1febdc9c07eef4be63c66,13,0.6931471805599453,4.07753744390572,4.07753744390572,0.6931471805599453,3,Normal
d11b90709cded87584f177163d51bb02,58,0.6931471805599453,3.912023005428146,3.912023005428146,0.6931471805599453,3,Normal
d129d88f16acf0312d290f959563acae,19,0.6931471805599453,4.02535169073515,4.02535169073515,0.6931471805599453,3,Normal
d184519b3a54179c51fee4a3c1b2749c,312,0.6931471805599453,3.912023005428146,3.912023005428146,0.6931471805599453,1,Normal
d185ee4a02326d41327c9f64695397eb,222,0.6931471805599453,4.499809670330265,4.499809670330265,0.6931471805599453,1,VIP
d1ae52c1dc82e74b7f69d96930aa2079,436,0.6931471805599453,5.0106352940962555,5.0106352940962555,0.6931471805599453,0,VIP
d24e1d0902dac57dd313bcf4f9c80160,133,0.6931471805599453,4.477336814478207,3.4011973816621555,1.3862943611198906,1,VIP
d24f0a5ca47c76e5579027ec136092ff,435,0.6931471805599453,4.0943445622221,4.0943445622221,0.6931471805599453,2,Normal
d277ef4a75c805239e54be86625e0722,178,1.0986122886681096,5.081404364984463,4.394449154672439,1.0986122886681096,4,VIP
d2931dde96daf36474fb9258d8db337a,390,0.6931471805599453,3.912023005428146,3.912023005428146,0.6931471805599453,2,Normal
d29cd7ea1f16713ca6ca68c50bb2039d,493,0.6931471805599453,3.091042453358316,3.091042453358316,0.6931471805599453,2,Low Value
d2a21549bd13dfc5f3a8ff1c01e0b0eb,245,0.6931471805599453,3.8918202981106265,3.8918202981106265,0.6931471805599453,1,Low Value
d2b43629cd9b4c39577a06ef790e9698,245,0.6931471805599453,3.912023005428146,3.912023005428146,0.6931471805599453,1,Normal
d2b9dfe20b92a2d5c91d07f74dfce9f1,40,0.6931471805599453,4.564348191467836,4.564348191467836,0.6931471805599453,0,VIP
d2ee49341d6dd6b0629439c63a84a4a8,67,0.6931471805599453,3.912023005428146,3.912023005428146,0.6931471805599453,3,Normal
d3108956b7d3e29b613600338ad7b8dc,466,0.6931471805599453,3.58351893845611,3.58351893845611,0.6931471805599453,2,Low Value
d32caaef098ffe2b4222fe292fdd35ec,321,0.6931471805599453,3.912023005428146,3.912023005428146,0.6931471805599453,1,Normal
d3447240c4cab426cda9a36a1962f892,383,0.6931471805599453,3.4011973816621555,3.4011973816621555,0.6931471805599453,2,Low Value
d35020e46db97a1ceae46ae6219fd6b6,349,0.6931471805599453,3.912023005428146,3.912023005428146,0.6931471805599453,1,Normal
d37aa657345d9411966d1f71f46bac66,376,0.6931471805599453,4.605170185988092,4.605170185988092,0.6931471805599453,2,VIP
d38af04fcd13c9685d0c326c40d973e8,286,0.6931471805599453,4.23410650459726,3.5553480614894135,1.0986122886681096,1,Normal
d38fbef1736e1ae87e8ed4e3759887f9,363,0.6931471805599453,4.0943445622221,4.0943445622221,0.6931471805599453,1,Normal
d3c533ebdc371b7a6eb2fb77c726caf2,82,0.6931471805599453,4.3694478524670215,4.3694478524670215,0.6931471805599453,0,VIP
d3d376410e215ee0e6a3dd23b3c1fd95,119,0.6931471805599453,4.477336814478207,3.4011973816621555,1.3862943611198906,1,VIP
d3f1ee08b4f87f5805bc6cd0376fc836,264,0.6931471805599453,4.02535169073515,4.02535169073515,0.6931471805599453,1,Normal
d40cda7052fc4c07791b27fbf717103e,97,0.6931471805599453,4.3694478524670215,4.3694478524670215,0.6931471805599453,0,VIP
d41354e6a6ae039648012f25e66af000,133,0.6931471805599453,2.995732273553991,2.995732273553991,0.6931471805599453,2,Low Value
d42e8b441f1303eead9538a47cfac340,176,0.6931471805599453,3.6888794541139363,3.6888794541139363,0.6931471805599453,1,Low Value
d447fcbee131a9fe4955aae76005a7ae,355,0.6931471805599453,4.189654742026425,4.189654742026425,0.6931471805599453,1,Normal
d4874f9bf28d6adc32b18445f63a3ed7,121,0.6931471805599453,3.4011973816621555,3.4011973816621555,0.6931471805599453,3,Low Value
d49a9f964397d47c525f8ae0663fc2cf,288,0.6931471805599453,4.02535169073515,4.02535169073515,0.6931471805599453,1,Normal
d4c364cfb11d9704dca4f970a528db7c,170,0.6931471805599453,3.4011973816621555,3.4011973816621555,0.6931471805599453,2,Low Value
d4eaa2561ac68c359a519bbabf28498f,298,0.6931471805599453,3.6888794541139363,3.6888794541139363,0.6931471805599453,1,Low Value
d50d0e32a047a94ae4d0722c82fd013d,165,0.6931471805599453,4.02535169073515,4.02535169073515,0.6931471805599453,1,Normal
d51d89c1fdfb1b34ee7eeb27be52bae4,93,0.6931471805599453,3.6888794541139363,3.6888794541139363,0.6931471805599453,3,Low Value
d60a9e79d708812477d8facaff561160,204,0.6931471805599453,3.912023005428146,3.912023005428146,0.6931471805599453,1,Normal
d60f14ed63f435f63b85628a7d41c1bc,170,0.6931471805599453,3.912023005428146,3.912023005428146,0.6931471805599453,1,Normal
d649357bd5b1b116bf9662f41259db37,12,0.6931471805599453,4.356708826689592,4.356708826689592,0.6931471805599453,0,VIP
d65c32925d7e29eb440266a1eba9a10f,28,0.6931471805599453,5.356586274672012,3.984343667007772,1.6094379124341003,0,VIP
d6667d893ca322b67e7ba3c454d043de,70,0.6931471805599453,4.02535169073515,4.02535169073515,0.6931471805599453,3,Normal
d66f438b3fcdcf22e7224aaeaf525443,283,1.0986122886681096,4.997212273764115,3.912023005428146,1.3862943611198906,4,VIP
d67ecf48dff067edaadcf476772111b9,62,0.6931471805599453,4.564348191467836,4.564348191467836,0.6931471805599453,0,VIP
d6b7b7b651f4a32b5c16f62c01f3b565,40,0.6931471805599453,4.0943445622221,4.0943445622221,0.6931471805599453,3,Normal
d74572d564d4ddc3cf3d286fdb4145eb,49,1.0986122886681096,4.74493212836325,4.060443010546419,1.0986122886681096,4,VIP
d77ba9214770b2d002fa0b2b4df6c3f0,405,0.6931471805599453,3.4011973816621555,3.4011973816621555,0.6931471805599453,2,Low Value
d77caf275e9f22055520d5a58bf0691f,295,0.6931471805599453,4.867534450455582,4.867534450455582,0.6931471805599453,0,VIP
d7a85949be9138c6975830637e482e50,12,0.6931471805599453,3.912023005428146,3.912023005428146,0.6931471805599453,3,Normal
d7ac1e2ab73bda5c3ed4ef3fb5ce27e5,45,0.6931471805599453,5.056245805348308,4.3694478524670215,1.0986122886681096,0,VIP
d82e03353dcd4c2c6ddd3dba073c8da8,276,0.6931471805599453,3.912023005428146,3.912023005428146,0.6931471805599453,1,Normal
d859de81647737a5d45e072205d35497,100,0.6931471805599453,3.912023005428146,3.912023005428146,0.6931471805599453,3,Normal
d8752c6861f92232d6811bace3e1e96c,82,0.6931471805599453,5.298317366548036,5.298317366548036,0.6931471805599453,0,VIP
d885d4dcc9bb0cbaf3e7aa0fa4af16e0,45,0.6931471805599453,4.02535169073515,4.02535169073515,0.6931471805599453,3,Normal
d900194994af67d324b49dbf7f3e560b,31,0.6931471805599453,4.3694478524670215,4.3694478524670215,0.6931471805599453,0,VIP
d9464b6cf868d3a6f44b8d3f13e4fc14,320,0.6931471805599453,3.6888794541139363,3.6888794541139363,0.6931471805599453,1,Low Value
d9588223d0b523af12e4d1a01c9a774a,40,0.6931471805599453,3.828641396489095,3.828641396489095,0.6931471805599453,3,Low Value
d9663aa6356103000396908abe1ff008,60,0.6931471805599453,3.828641396489095,3.828641396489095,0.6931471805599453,3,Low Value
d9892c56320242c653eae294d70305cb,222,0.6931471805599453,4.0943445622221,4.0943445622221,0.6931471805599453,1,Normal
d9972a3678b1997f77ce16a51ccc5cc0,220,0.6931471805599453,4.330733340286331,4.330733340286331,0.6931471805599453,1,VIP
d9af8c35cbab1d9dc745f3500a9db311,315,0.6931471805599453,3.912023005428146,3.912023005428146,0.6931471805599453,1,Normal
da0df0cb440ad9a8dbd6c46d7b56028e,114,0.6931471805599453,3.912023005428146,3.912023005428146,0.6931471805599453,1,Normal
da35061cad4a000780f2e8d4a5c191e5,264,0.6931471805599453,4.564348191467836,4.564348191467836,0.6931471805599453,1,VIP
da548399700c848cf466c438ad59ad4d,14,0.6931471805599453,5.247024072160486,5.247024072160486,0.6931471805599453,0,VIP
da76149820a35f0ef7ab70037d9dc9c9,321,0.6931471805599453,3.912023005428146,3.912023005428146,0.6931471805599453,1,Normal
daa7bbf7016cc30bf64f97d1db63e5e6,416,0.6931471805599453,3.912023005428146,3.912023005428146,0.6931471805599453,2,Normal
dab16a0cbc175e43eed97e748788e333,38,0.6931471805599453,4.77912349311153,4.0943445622221,1.0986122886681096,0,VIP
dac45a26008b99c79d54206314cb2919,63,0.6931471805599453,4.02535169073515,4.02535169073515,0.6931471805599453,3,Normal
db062747d9ad6703020b2b52362515bc,127,0.6931471805599453,3.912023005428146,3.912023005428146,0.6931471805599453,1,Normal
db07fd2ad9869f8356b1fbeefdac31e8,256,1.0986122886681096,4.948759890378168,3.58351893845611,1.6094379124341003,4,VIP
db2c7ccb9058f3fb2863b41dbba8580d,340,0.6931471805599453,3.912023005428146,3.912023005428146,0.6931471805599453,1,Normal
db32149fe10651921d65ba69612ea872,227,0.6931471805599453,4.3694478524670215,4.3694478524670215,0.6931471805599453,1,VIP
db342a4737f95bcf63ea219f3809a9c2,95,0.6931471805599453,4.3694478524670215,4.3694478524670215,0.6931471805599453,0,VIP
db39fe4a38859a3ea32a474664bff72e,187,0.6931471805599453,4.605170185988092,4.605170185988092,0.6931471805599453,1,VIP
db4c27ec046a24e8d2518c2c8f28ce96,497,0.6931471805599453,4.382026634673881,4.382026634673881,0.6931471805599453,2,VIP
db7fa62d42d7b8226f810a2a70a6155a,81,0.6931471805599453,4.3694478524670215,4.3694478524670215,0.6931471805599453,0,VIP
db8a216f5ae509272be55a10f3c76902,59,0.6931471805599453,4.02535169073515,4.02535169073515,0.6931471805599453,3,Normal
dbd4bf1e754d13e6fb5824e0921579d3,131,0.6931471805599453,4.564348191467836,4.564348191467836,0.6931471805599453,0,VIP
dc1b1c4c02997d9302e4b3084515f0ec,283,0.6931471805599453,4.23410650459726,3.5553480614894135,1.0986122886681096,1,Normal
dc2e3d8342b4ef33945a258ce631ab3f,217,0.6931471805599453,3.912023005428146,3.912023005428146,0.6931471805599453,1,Normal
dc813062e0fc23409cd255f7f53c7074,294,0.6931471805599453,5.111987788356544,4.02535169073515,1.3862943611198906,0,VIP
dcae10a371a35e87b7e88b8724a7bbea,334,0.6931471805599453,3.912023005428146,3.912023005428146,0.6931471805599453,1,Normal
dcae8dfbc9b2ab76e457e65a4ae514d9,122,0.6931471805599453,3.5553480614894135,3.5553480614894135,0.6931471805599453,3,Low Value
dcd5b4583ea40a6ea31c583e964e7046,23,0.6931471805599453,3.4011973816621555,3.4011973816621555,0.6931471805599453,3,Low Value
dcd94802618619b93183b9ae4adff5e3,40,0.6931471805599453,4.3694478524670215,4.3694478524670215,0.6931471805599453,0,VIP
dce2e10812c2435cb0e44886b8e1d484,284,0.6931471805599453,3.912023005428146,3.912023005428146,0.6931471805599453,1,Normal
dcf5a61895c0542bb8c7e8e74f4d61ec,118,0.6931471805599453,3.912023005428146,3.912023005428146,0.6931471805599453,1,Normal
dd25ee49beb12eff932001d52c7bac97,428,0.6931471805599453,3.912023005428146,3.912023005428146,0.6931471805599453,2,Normal
dd279c2d60ba1ad3cc221bbc7506c772,62,0.6931471805599453,3.828641396489095,3.828641396489095,0.6931471805599453,3,Low Value
dd2f5ceb2233531ca49008b02b1ff13e,94,0.6931471805599453,4.3694478524670215,4.3694478524670215,0.6931471805599453,0,VIP
dd3b9807d79d415be6baaa65b19c5d9f,356,0.6931471805599453,4.02535169073515,4.02535169073515,0.6931471805599453,1,Normal
dd4862c74c3d3f406e043821d79ef6b0,537,0.6931471805599453,3.4011973816621555,3.4011973816621555,0.6931471805599453,2,Low Value
dd5b4ebda4f7f27cb2e960c11700ab2a,492,0.6931471805599453,3.912023005428146,3.912023005428146,0.6931471805599453,2,Normal
dd610cadaf3b8b4d5d685a36b914e4d7,216,0.6931471805599453,3.912023005428146,3.912023005428146,0.6931471805599453,1,Normal
dd663933c8b8fc4d05f190b1a41c283c,199,0.6931471805599453,4.248495242049359,4.248495242049359,0.6931471805599453,1,Normal
dd8470493d075fbe3f47bef5f92f0429,18,0.6931471805599453,4.04305126783455,4.04305126783455,0.6931471805599453,3,Normal
dd963230588440394f63bf0367a274b3,234,0.6931471805599453,3.912023005428146,3.912023005428146,0.6931471805599453,1,Normal
dda1f06d101ac0fbede13f9bc6c96e61,231,0.6931471805599453,3.4011973816621555,3.4011973816621555,0.6931471805599453,2,Low Value
de0bf4b52c6b76e5ddc39b9bd24bbb26,286,0.6931471805599453,4.3694478524670215,3.6888794541139363,1.0986122886681096,1,VIP
de0e500b351bad70dab81e9d3812c1cd,78,0.6931471805599453,4.3694478524670215,4.3694478524670215,0.6931471805599453,0,VIP
de34b16117594161a6a89c50b289d35a,229,1.6094379124341003,5.262690188904886,3.8918202981106265,1.6094379124341003,4,VIP
de3da035327809e57b95f4da954f2322,130,0.6931471805599453,4.976733742420574,4.290459441148391,1.0986122886681096,0,VIP
de6d0cc54acbe9c1a7d7967e29fbb899,303,0.6931471805599453,3.4011973816621555,3.4011973816621555,0.6931471805599453,2,Low Value
deacf20ed832ecb2260955a369773c76,323,0.6931471805599453,3.4011973816621555,3.4011973816621555,0.6931471805599453,2,Low Value
dec8755381b4ce5dd52a2f90f938f072,281,0.6931471805599453,5.0106352940962555,5.0106352940962555,0.6931471805599453,0,VIP
ded30b380b67fae26a797e0fa444fdbe,28,0.6931471805599453,3.912023005428146,3.912023005428146,0.6931471805599453,3,Normal
dee2286f5d6242e1b4295ee5f9e9de94,313,0.6931471805599453,4.709530201312334,4.02535169073515,1.0986122886681096,0,VIP
dee58c6a92fc6faac93d98a786f683e7,27,0.6931471805599453,3.58351893845611,3.58351893845611,0.6931471805599453,3,Low Value
deeeb992b8b6027bda878b4c16f3d001,34,0.6931471805599453,3.4011973816621555,3.4011973816621555,0.6931471805599453,3,Low Value
def4d4fd32998652ae25219276c81dfd,389,0.6931471805599453,4.3694478524670215,4.3694478524670215,0.6931471805599453,2,VIP
df275a92340e266588f198c579c08850,235,0.6931471805599453,3.9316295350670645,3.9316295350670645,0.6931471805599453,1,Normal
df4e17f1bad734aebe43372c446ccc7c,314,0.6931471805599453,5.075173815233827,5.075173815233827,0.6931471805599453,0,VIP
df70d81ae0f76c0c61e981382a326a7f,63,0.6931471805599453,3.4011973816621555,3.4011973816621555,0.6931471805599453,3,Low Value
df7303b10f07a9143b0dd5fe4f63efdd,40,0.6931471805599453,4.0943445622221,4.0943445622221,0.6931471805599453,3,Normal
df82b17cbf3fe7a9e6113c6c4b69967e,513,0.6931471805599453,3.912023005428146,3.912023005428146,0.6931471805599453,2,Normal
df8ee448f15f35b1ece2842ceb07f522,403,0.6931471805599453,5.298317366548036,5.298317366548036,0.6931471805599453,0,VIP
df9d2585c3e7b4f8904b1933e5ad2c7c,413,0.6931471805599453,4.919980925828125,3.5553480614894135,1.6094379124341003,0,VIP
e017db36909fc33b589b0570c068a574,81,0.6931471805599453,3.912023005428146,3.912023005428146,0.6931471805599453,3,Normal
e026ef170c6c747799d77de7b6eacc93,392,0.6931471805599453,3.4011973816621555,3.4011973816621555,0.6931471805599453,2,Low Value
e02c0cf2ecb93cdb6c47ca2602011bc4,392,0.6931471805599453,3.912023005428146,3.912023005428146,0.6931471805599453,2,Normal
e0387447b545f71dd9fa69a7faf58e0c,385,0.6931471805599453,3.912023005428146,3.912023005428146,0.6931471805599453,2,Normal
e06358b52b33afa8edfe5a0664cfe9c5,196,0.6931471805599453,3.828641396489095,3.828641396489095,0.6931471805599453,1,Low Value
e067bffe035aa8a098fb9e7883baec65,392,0.6931471805599453,3.4011973816621555,3.4011973816621555,0.6931471805599453,2,Low Value
e07ced752d77608fad5260c058e09266,111,0.6931471805599453,3.912023005428146,3.912023005428146,0.6931471805599453,1,Normal
e1e0cfbf6626352684efe58cbcce2bd2,113,0.6931471805599453,3.58351893845611,3.58351893845611,0.6931471805599453,3,Low Value
e21bcb965a4ae840d08fc2d602104fd3,281,0.6931471805599453,3.912023005428146,3.912023005428146,0.6931471805599453,1,Normal
e2250dca3fe36b9f2f3da645c5d76c34,323,0.6931471805599453,3.4011973816621555,3.4011973816621555,0.6931471805599453,2,Low Value
e232239016bf8e25c8b619dd9017bbe3,412,0.6931471805599453,5.0106352940962555,5.0106352940962555,0.6931471805599453,0,VIP
e246b4c3c20fce43b6aad844e8c71bbe,42,0.6931471805599453,4.248495242049359,4.248495242049359,0.6931471805599453,0,Normal
e24fd88c2ae70a0eac18426e9485afe1,56,0.6931471805599453,4.02535169073515,4.02535169073515,0.6931471805599453,3,Normal
e2dd3f430fbd6082c265b8d1909377b9,145,0.6931471805599453,4.02535169073515,4.02535169073515,0.6931471805599453,1,Normal
e2ec63bf1526efb39fd5646c69fa8d36,133,0.6931471805599453,4.3694478524670215,4.3694478524670215,0.6931471805599453,1,VIP
e323daac57a5b04c69563f5e4300762d,190,0.6931471805599453,4.02535169073515,4.02535169073515,0.6931471805599453,1,Normal
e34f687f8ca6574b49b07eaf3aa84400,34,0.6931471805599453,4.02535169073515,4.02535169073515,0.6931471805599453,3,Normal
e3872b533cb81b1500679d367f706f3e,108,0.6931471805599453,4.248495242049359,4.248495242049359,0.6931471805599453,1,Normal
e398411adfd1232677a6d3a53a18e6e9,125,0.6931471805599453,3.6635616461296463,3.6635616461296463,0.6931471805599453,3,Low Value
e39962b2d16ca946f8f93f405f5c47ea,84,0.6931471805599453,3.912023005428146,3.912023005428146,0.6931471805599453,3,Normal
e3ea2c912c287a7112962ed5bd521712,305,0.6931471805599453,3.912023005428146,3.912023005428146,0.6931471805599453,1,Normal
e3ed1546ef765e183ab141f7a0457fa7,42,0.6931471805599453,3.8066624897703196,3.8066624897703196,0.6931471805599453,3,Low Value
e4033b087b65f4d6793ae71c6fda8b76,102,0.6931471805599453,3.4011973816621555,3.4011973816621555,0.6931471805599453,3,Low Value
e424731f7e9ccc9f3384b8b71378cbf7,375,0.6931471805599453,3.912023005428146,3.912023005428146,0.6931471805599453,1,Normal
e43227dd90b1d76fca2c870b657bb453,252,0.6931471805599453,4.02535169073515,4.02535169073515,0.6931471805599453,1,Normal
e49711ef161d2a621285a0ddd51a7d98,148,0.6931471805599453,3.6888794541139363,3.6888794541139363,0.6931471805599453,1,Low Value
e4cf1359827bc6da749899b77a5ba9a6,402,0.6931471805599453,3.912023005428146,3.912023005428146,0.6931471805599453,2,Normal
e4fee005515f62ed99b3f4e09d921d0d,180,0.6931471805599453,3.4011973816621555,3.4011973816621555,0.6931471805599453,2,Low Value
e55f39718755a991235a2bf63524ecc7,18,0.6931471805599453,4.3694478524670215,4.3694478524670215,0.6931471805599453,0,VIP
e56182b31328010e06cd869c81a0cab2,331,0.6931471805599453,3.9316295350670645,3.9316295350670645,0.6931471805599453,1,Normal
e56a7f48f75331612d3423dc8e221dc5,130,0.6931471805599453,4.736198448394496,3.654977902438255,1.3862943611198906,0,VIP
e5912280c9d8c14b4e7778df669dea07,34,1.0986122886681096,4.499809670330265,3.817712325956905,1.0986122886681096,4,VIP
e59cb5b49e09e9a5be40b2dcbf9e1f77,388,0.6931471805599453,3.912023005428146,3.912023005428146,0.6931471805599453,2,Normal
e5d4f3b301959c88077a062efbe3ebf9,21,0.6931471805599453,4.02535169073515,4.02535169073515,0.6931471805599453,3,Normal
e5dec9f02fb42b48776376bb3435ddb2,177,0.6931471805599453,4.564348191467836,4.564348191467836,0.6931471805599453,1,VIP
e62dfc5c6c621c53845d9ab498a16f3f,271,0.6931471805599453,3.912023005428146,3.912023005428146,0.6931471805599453,1,Normal
e63b4fe350ccb4a22740adb4c74aa6c0,93,0.6931471805599453,3.912023005428146,3.912023005428146,0.6931471805599453,3,Normal
e65a6776046796b39fe251f71b6abd6f,389,0.6931471805599453,3.912023005428146,3.912023005428146,0.6931471805599453,2,Normal
e66101ed66527184bb8496f807ba5c69,426,0.6931471805599453,4.248495242049359,4.248495242049359,0.6931471805599453,2,Normal
e67997b38abc2296d2286c9cc3121e24,339,0.6931471805599453,3.912023005428146,3.912023005428146,0.6931471805599453,1,Normal
e68b228a167dd53ae8935c8516089068,429,0.6931471805599453,3.4011973816621555,3.4011973816621555,0.6931471805599453,2,Low Value
e7094a30b42cda14a6b4734a9f50465f,130,0.6931471805599453,5.521460917862246,5.521460917862246,0.6931471805599453,0,VIP
e765ef66654cfd874784b36c7d0040a2,300,0.6931471805599453,3.912023005428146,3.912023005428146,0.6931471805599453,1,Normal
e781047b6e41434da39c622e1c7f3851,273,0.6931471805599453,4.02535169073515,4.02535169073515,0.6931471805599453,1,Normal
e814d35af834efb0d5902c3b1b214816,266,0.6931471805599453,4.189654742026425,4.189654742026425,0.6931471805599453,1,Normal
e8153eb79bbc4e76686f313ca5402aa7,268,0.6931471805599453,3.4011973816621555,3.4011973816621555,0.6931471805599453,2,Low Value
e855df677dcf0d237ed583793afd7988,18,0.6931471805599453,3.8066624897703196,3.8066624897703196,0.6931471805599453,3,Low Value
e8601415b6a6268b60b06ed032d8f546,461,0.6931471805599453,4.219507705176107,3.5409593240373143,1.0986122886681096,2,Normal
e8972c7faa1ea06a4dc10c991aef5eb4,59,0.6931471805599453,4.3694478524670215,4.3694478524670215,0.6931471805599453,0,VIP
e92c7c7b659db0e9164c51f3762a37d2,368,0.6931471805599453,3.4011973816621555,3.4011973816621555,0.6931471805599453,2,Low Value
e987698e04fbb20def6a810f1c249da4,283,0.6931471805599453,3.912023005428146,3.912023005428146,0.6931471805599453,1,Normal
e9cae2a5372d7aabde3a0bb3d37c386d,26,0.6931471805599453,3.912023005428146,3.912023005428146,0.6931471805599453,3,Normal
e9d17a5d477ce1dd5c2e3d3ad9b628ff,316,0.6931471805599453,4.3694478524670215,4.3694478524670215,0.6931471805599453,1,VIP
e9e234fffa6143b736121a5d7f3e93e7,123,0.6931471805599453,4.02535169073515,4.02535169073515,0.6931471805599453,1,Normal
e9e96ff4f36a319a3621b95b43343532,235,0.6931471805599453,4.248495242049359,4.248495242049359,0.6931471805599453,1,Normal
ea0c8b3d338bf8e3488d10daf4d6f34e,295,0.6931471805599453,4.59511985013459,3.912023005428146,1.0986122886681096,1,VIP
ea2454e6a6a9c0723f50d8598fc5e6cf,73,0.6931471805599453,3.912023005428146,3.912023005428146,0.6931471805599453,3,Normal
ea330a58e40735d6e4dd731349d0f4d7,295,0.6931471805599453,5.298317366548036,5.298317366548036,0.6931471805599453,0,VIP
ea7961b4e11666cb0ae9cce850b83aaa,336,0.6931471805599453,4.48863636973214,4.48863636973214,0.6931471805599453,1,VIP
ea80ffd1f7b96035687a4b3125d72e95,455,0.6931471805599453,3.912023005428146,3.912023005428146,0.6931471805599453,2,Normal
eaacf8a31c5b6f58d8d4346a3b430fd8,86,0.6931471805599453,4.02535169073515,4.02535169073515,0.6931471805599453,3,Normal
eac51d2355307babc49fe52bc8b7d336,206,0.6931471805599453,4.330733340286331,4.330733340286331,0.6931471805599453,1,VIP
eacdd9d5e91a0cbd813b4ece385b5975,260,0.6931471805599453,3.58351893845611,3.58351893845611,0.6931471805599453,1,Low Value
eaf44ee5ceb454b1383c1e2d26b9beaf,60,0.6931471805599453,3.828641396489095,3.828641396489095,0.6931471805599453,3,Low Value
eafe8d761cfa4c5351e1e528cceca207,23,0.6931471805599453,4.02535169073515,4.02535169073515,0.6931471805599453,3,Normal
eb1d1b20ce10de79fbbc021694fed6b5,416,0.6931471805599453,3.912023005428146,3.912023005428146,0.6931471805599453,2,Normal
eb1f4848156c397ff6d7da148a5af228,494,0.6931471805599453,3.4011973816621555,3.4011973816621555,0.6931471805599453,2,Low Value
eb2c3eb313d5a288d84a21bb94cb5cac,160,0.6931471805599453,3.6888794541139363,3.6888794541139363,0.6931471805599453,1,Low Value
eb41977c3a9cea7501c93028821432e1,194,0.6931471805599453,3.912023005428146,3.912023005428146,0.6931471805599453,1,Normal
eb4b36bc0ee78dd9b0135d06ba99120b,164,0.6931471805599453,4.605170185988092,4.605170185988092,0.6931471805599453,1,VIP
eb74a8dca9e7d695ab789aea1686b6cb,69,0.6931471805599453,4.442651256490317,3.7612001156935624,1.0986122886681096,0,VIP
eb7895c1577088d6a0b86186fae2f679,29,0.6931471805599453,3.828641396489095,3.828641396489095,0.6931471805599453,3,Low Value
ebd16156e915376664512033f080f70d,7,0.6931471805599453,3.912023005428146,3.912023005428146,0.6931471805599453,3,Normal
ebfba852590ea50087c9af85818aadb2,453,0.6931471805599453,3.912023005428146,3.912023005428146,0.6931471805599453,2,Normal
ec1857e9f38a9fc1e288aeb48afda567,137,0.6931471805599453,4.0943445622221,4.0943445622221,0.6931471805599453,1,Normal
ec368b528a185643063dcb2d44e89155,545,0.6931471805599453,3.828641396489095,3.828641396489095,0.6931471805599453,2,Low Value
ec5868a22faa800b4ba27c5cd2f2f096,48,0.6931471805599453,4.3694478524670215,4.3694478524670215,0.6931471805599453,0,VIP
ec9d1e3858c98ea5532e280fd248dad6,304,0.6931471805599453,4.499809670330265,4.499809670330265,0.6931471805599453,1,VIP
eca127e051ab64f2053b2f52c502aac2,231,0.6931471805599453,4.564348191467836,4.564348191467836,0.6931471805599453,1,VIP
ecb163158c3b5b8b615a4b6ac9d1c2dd,448,0.6931471805599453,3.8066624897703196,3.8066624897703196,0.6931471805599453,2,Low Value
ecc97f913c42ef6a7bbd726dfe46f69c,512,0.6931471805599453,3.4011973816621555,3.4011973816621555,0.6931471805599453,2,Low Value
ed09deed5ae6927bbd677c7d2965d1ee,32,0.6931471805599453,3.912023005428146,3.912023005428146,0.6931471805599453,3,Normal
ed339663d10faaa3040d523e4068121f,477,0.6931471805599453,4.382026634673881,4.382026634673881,0.6931471805599453,2,VIP
ed6319ffefb5dd25d861b977d3acb234,27,0.6931471805599453,3.58351893845611,3.58351893845611,0.6931471805599453,3,Low Value
edd286dff982df97e304f16bc5c586b5,13,0.6931471805599453,4.04305126783455,4.04305126783455,0.6931471805599453,3,Normal
eede6447d2efc53521e6aec640401a99,343,0.6931471805599453,4.564348191467836,4.564348191467836,0.6931471805599453,2,VIP
eefdc2443e8e4f93e0eb1df1956047d7,35,0.6931471805599453,4.3694478524670215,4.3694478524670215,0.6931471805599453,0,VIP
ef0a8d2605a81782c6a3c46d62a908e8,266,0.6931471805599453,3.912023005428146,3.912023005428146,0.6931471805599453,1,Normal
ef42d0634eedeca8960208b282f1c6fe,29,0.6931471805599453,3.4011973816621555,3.4011973816621555,0.6931471805599453,3,Low Value
ef877ec0a5efd176c1717e9c732d0bea,358,0.6931471805599453,4.499809670330265,4.499809670330265,0.6931471805599453,2,VIP
ef955ce70c34965f1e0a61e2a659d034,79,0.6931471805599453,4.04305126783455,4.04305126783455,0.6931471805599453,3,Normal
efa0f03926c32196b7872e25a183ee84,425,0.6931471805599453,4.3694478524670215,4.3694478524670215,0.6931471805599453,2,VIP
f0171b36faf1ce03f0cd9b9599af78bb,248,0.6931471805599453,3.6888794541139363,3.6888794541139363,0.6931471805599453,1,Low Value
f019ed7ab808b96f06e70cb236031106,435,0.6931471805599453,5.0106352940962555,5.0106352940962555,0.6931471805599453,0,VIP
f03092ded750c3aedec1acbee149f590,271,0.6931471805599453,5.298317366548036,5.298317366548036,0.6931471805599453,0,VIP
f087d32d4dc73deed9eab506a49c0a5a,372,0.6931471805599453,3.4011973816621555,3.4011973816621555,0.6931471805599453,2,Low Value
f1197e4b7497888e48c09fae89afc9bc,279,0.6931471805599453,3.912023005428146,3.912023005428146,0.6931471805599453,1,Normal
f11ec51cc571bc413911b570ccf759a3,130,0.6931471805599453,4.564348191467836,4.564348191467836,0.6931471805599453,0,VIP
f16ed8e2ddd5b798116612f2dcf3d523,393,0.6931471805599453,3.4011973816621555,3.4011973816621555,0.6931471805599453,2,Low Value
f17157bff18a06db593ed76323701583,461,0.6931471805599453,4.189654742026425,4.189654742026425,0.6931471805599453,2,Normal
f18598d2f1d11637c3ed5fa9ebfce5b3,535,0.6931471805599453,4.499809670330265,4.499809670330265,0.6931471805599453,2,VIP
f1acddb13b0339763b3af4497f769ac4,31,0.6931471805599453,3.912023005428146,3.912023005428146,0.6931471805599453,3,Normal
f1bee02ceae8a430506b798786f766b4,149,0.6931471805599453,3.912023005428146,3.912023005428146,0.6931471805599453,1,Normal
f1e4986c757134abfcf657b898bcec22,69,0.6931471805599453,4.3694478524670215,4.3694478524670215,0.6931471805599453,0,VIP
f1e7edf80258211b9acdf919eddeec77,244,0.6931471805599453,3.4011973816621555,3.4011973816621555,0.6931471805599453,2,Low Value
f1ed0298ad5795da719d3cdc8e9a3ca9,45,0.6931471805599453,4.983606621708336,4.983606621708336,0.6931471805599453,0,VIP
f231138de343521ac335f9a7ad7bc9e7,31,0.6931471805599453,4.02535169073515,4.02535169073515,0.6931471805599453,3,Normal
f241f18620cd0c97dfa5ec3754d6eb1b,244,0.6931471805599453,3.6888794541139363,3.6888794541139363,0.6931471805599453,1,Low Value
f273c9986f56530612169a7a40dd9140,305,0.6931471805599453,3.912023005428146,3.912023005428146,0.6931471805599453,1,Normal
f28f6019fdc1722c540bc9dbf7da7fc9,126,0.6931471805599453,3.912023005428146,3.912023005428146,0.6931471805599453,1,Normal
f2ae19a9a217f8712d77f9c7e9b03c9c,46,0.6931471805599453,4.02535169073515,4.02535169073515,0.6931471805599453,3,Normal
f2d7e42571dc36cf945d2f671c177cc3,260,0.6931471805599453,4.02535169073515,4.02535169073515,0.6931471805599453,1,Normal
f3322b17bd0a7b8589cea8ad05ceb82e,289,0.6931471805599453,3.912023005428146,3.912023005428146,0.6931471805599453,1,Normal
f33b8824f140e2f21e2a340a4552c862,258,0.6931471805599453,4.248495242049359,4.248495242049359,0.6931471805599453,1,Normal
f34fb9f55e31c8fed0bd43d682f76cb1,105,0.6931471805599453,4.564348191467836,4.564348191467836,0.6931471805599453,0,VIP
f35271305526691e8269aa4a915e56a2,466,0.6931471805599453,4.174387269895637,3.4965075614664802,1.0986122886681096,2,Normal
f3591ae7686317e84ebbf646bedf3e24,30,0.6931471805599453,4.02535169073515,4.02535169073515,0.6931471805599453,3,Normal
f35993d31a10101b36a58c67d9aeacd6,485,0.6931471805599453,3.912023005428146,3.912023005428146,0.6931471805599453,2,Normal
f35ded9465fa60296b1cdc9559fe2870,78,0.6931471805599453,4.02535169073515,4.02535169073515,0.6931471805599453,3,Normal
f3603469de1227ad310ef54f542f206b,242,0.6931471805599453,4.04305126783455,4.04305126783455,0.6931471805599453,1,Normal
f38b869e299ead370a8f9a0c61ccce96,42,0.6931471805599453,4.3694478524670215,4.3694478524670215,0.6931471805599453,0,VIP
f3c2af0ce2de48fe64c5746bd88ae871,259,0.6931471805599453,3.091042453358316,3.091042453358316,0.6931471805599453,2,Low Value
f3d7bed02753c161c5965cfdfcb149cf,450,0.6931471805599453,4.653960350157523,3.970291913552122,1.0986122886681096,2,VIP
f3f9ad393795500a09d55345662b18d5,300,0.6931471805599453,3.9316295350670645,3.9316295350670645,0.6931471805599453,1,Normal
f3fd6eb9a8d85c2f89b7158d3d4c6ff8,371,0.6931471805599453,4.04305126783455,4.04305126783455,0.6931471805599453,1,Normal
f411e629562709be496c105c033c6b4e,44,0.6931471805599453,4.3694478524670215,4.3694478524670215,0.6931471805599453,0,VIP
f41512017822e821d25a901ffdd78eb1,137,0.6931471805599453,4.0943445622221,4.0943445622221,0.6931471805599453,1,Normal
f4156bff6a2809fadf8643fe23ff40ae,362,0.6931471805599453,3.4011973816621555,3.4011973816621555,0.6931471805599453,2,Low Value
f4513d9cd4f25a8254176ceda0abdc5e,283,0.6931471805599453,3.4011973816621555,3.4011973816621555,0.6931471805599453,2,Low Value
f45ff20176b28f1af7fe3e10eab1ce76,56,0.6931471805599453,3.6888794541139363,3.6888794541139363,0.6931471805599453,3,Low Value
f46fa87874cd9c25d88cf856015ab25e,37,0.6931471805599453,4.248495242049359,4.248495242049359,0.6931471805599453,0,Normal
f489231774bb1b459de6d233ea125a1b,19,0.6931471805599453,4.3694478524670215,4.3694478524670215,0.6931471805599453,0,VIP
f49120b9ad722f4972c5c2a601df6685,291,0.6931471805599453,3.828641396489095,3.828641396489095,0.6931471805599453,1,Low Value
f4b0e2742164fd4ce5398de963114457,348,0.6931471805599453,3.4011973816621555,3.4011973816621555,0.6931471805599453,2,Low Value
f4ce8d9deb6f54490b66f1013e9be01e,30,0.6931471805599453,3.912023005428146,3.912023005428146,0.6931471805599453,3,Normal
f4d632afad2a733913d5d41b16620db5,94,0.6931471805599453,4.564348191467836,4.564348191467836,0.6931471805599453,0,VIP
f513f0c6703eeca0a7c917c3fb6e407c,30,0.6931471805599453,3.912023005428146,3.912023005428146,0.6931471805599453,3,Normal
f51dec6b3483b8a96b160e6dc55d379f,116,0.6931471805599453,4.564348191467836,4.564348191467836,0.6931471805599453,0,VIP
f51f170e51593c5e550ef7ae616f1517,33,0.6931471805599453,4.248495242049359,4.248495242049359,0.6931471805599453,0,Normal
f52cdb6ee80cbc9c54ec6c633597a371,12,0.6931471805599453,4.61512051684126,3.9318256327243257,1.0986122886681096,0,VIP
f53d235c627d9f1e4a63f200b124694c,144,0.6931471805599453,4.02535169073515,4.02535169073515,0.6931471805599453,1,Normal
f53ef06f7eeea88d691e0b9e530a9fa1,209,0.6931471805599453,3.9316295350670645,3.9316295350670645,0.6931471805599453,1,Normal
f576f26e673b249c12fc66b9019eecfe,329,0.6931471805599453,4.77912349311153,4.0943445622221,1.0986122886681096,0,VIP
f59f7fd29a04cb6a6950972b1331fe45,39,0.6931471805599453,4.02535169073515,4.02535169073515,0.6931471805599453,3,Normal
f5b4f7a0a21131d5cdf1b3f551c5797f,333,0.6931471805599453,4.07753744390572,3.4011973816621555,1.0986122886681096,1,Normal
f5c4966b33803ed39aaacd1358de8d60,216,0.6931471805599453,4.23410650459726,3.5553480614894135,1.0986122886681096,1,Normal
f5d161d7087d1d42616587588427fecd,40,0.6931471805599453,3.912023005428146,3.912023005428146,0.6931471805599453,3,Normal
f5dcc1db0e0fcea81a2038579b427da3,292,0.6931471805599453,3.4011973816621555,3.4011973816621555,0.6931471805599453,2,Low Value
f5edf007cd8029b8cc0704bb0a27ae9d,68,0.6931471805599453,3.8066624897703196,3.8066624897703196,0.6931471805599453,3,Low Value
f5f2afe5f4feb6c243bfceaf3458ae1d,181,0.6931471805599453,3.4011973816621555,3.4011973816621555,0.6931471805599453,2,Low Value
f69d58eed2c84ede7937a8caf953d786,42,0.6931471805599453,4.3694478524670215,4.3694478524670215,0.6931471805599453,0,VIP
f6b24980bbfdc9bd9420a481a20f5f64,231,0.6931471805599453,4.3694478524670215,4.3694478524670215,0.6931471805599453,1,VIP
f6b25feec9492b2e3f4ddfec018c4c07,136,0.6931471805599453,4.248495242049359,4.248495242049359,0.6931471805599453,1,Normal
f6bde9beb01b518b1ff84d053fb5f0dd,189,0.6931471805599453,3.6635616461296463,3.6635616461296463,0.6931471805599453,1,Low Value
f6c5eb8f3ab9bb4cd005e895d6509d58,31,0.6931471805599453,3.6635616461296463,3.6635616461296463,0.6931471805599453,3,Low Value
f6e9bab0c1672b2133e95f1d91c4ccba,59,0.6931471805599453,4.3694478524670215,4.3694478524670215,0.6931471805599453,0,VIP
f712378e09a2445036ca279348b5a1b0,283,0.6931471805599453,4.02535169073515,4.02535169073515,0.6931471805599453,1,Normal
f7441819130a8cb81a399063b838972f,28,0.6931471805599453,4.983606621708336,4.983606621708336,0.6931471805599453,0,VIP
f798248f7c40b683f7b083a3ee360710,18,0.6931471805599453,4.248495242049359,4.248495242049359,0.6931471805599453,0,Normal
f7ac27962a04fc9feb3da5dc8f70b69b,352,0.6931471805599453,4.0943445622221,4.0943445622221,0.6931471805599453,1,Normal
f7bcb9246dd6d2a67db161436640a2f3,30,0.6931471805599453,4.07753744390572,4.07753744390572,0.6931471805599453,3,Normal
f7d0681ef0b999b9b0ed130cf6d75146,97,0.6931471805599453,3.8066624897703196,3.8066624897703196,0.6931471805599453,3,Low Value
f7d9050d60fb901a187d28e121627b84,126,0.6931471805599453,3.6635616461296463,3.6635616461296463,0.6931471805599453,3,Low Value
f7ec6f1428f9ba2f245f93ec5b1e9f93,390,0.6931471805599453,3.8066624897703196,3.8066624897703196,0.6931471805599453,2,Low Value
f81557126d5ab0a6cb73fe6bc1b38ce6,295,0.6931471805599453,4.59511985013459,3.912023005428146,1.0986122886681096,1,VIP
f81a4ae9c373a9735efa5a6f1d4ed7cd,224,0.6931471805599453,3.912023005428146,3.912023005428146,0.6931471805599453,1,Normal
f83861c239f467ac3e6b5c737443c98c,196,0.6931471805599453,4.499809670330265,4.499809670330265,0.6931471805599453,1,VIP
f84c1a991a8b4fc70be8f0e086330fdf,349,0.6931471805599453,3.6888794541139363,3.6888794541139363,0.6931471805599453,2,Low Value
f84d202c33be18d8facca7d51592a51f,294,0.6931471805599453,3.828641396489095,3.828641396489095,0.6931471805599453,1,Low Value
f8827308fc403969f4a569555fe63f71,274,0.6931471805599453,4.02535169073515,4.02535169073515,0.6931471805599453,1,Normal
f8922caabbfa44d8390f53927da1be30,183,0.6931471805599453,3.912023005428146,3.912023005428146,0.6931471805599453,1,Normal
f8ba899f2296224d275642d28d434738,165,0.6931471805599453,4.454347296253507,4.454347296253507,0.6931471805599453,1,VIP
f8d8ebd46a0dc18752873a5bc0451340,215,0.6931471805599453,3.912023005428146,3.912023005428146,0.6931471805599453,1,Normal
f8fa0bef87496b42a2f082d4be137ed8,518,0.6931471805599453,4.382026634673881,4.382026634673881,0.6931471805599453,2,VIP
f9011ad436809625a9fca87e409a4c6e,95,0.6931471805599453,4.564348191467836,4.564348191467836,0.6931471805599453,0,VIP
f94be6793b2753d7cae83ebcd73efcc8,316,0.6931471805599453,4.07753744390572,3.4011973816621555,1.0986122886681096,1,Normal
f96c22cb1c5244ef2e245ed6b249e7aa,114,0.6931471805599453,3.912023005428146,3.912023005428146,0.6931471805599453,1,Normal
f999abea6accb27e6a6f896f277894c9,28,0.6931471805599453,4.3694478524670215,4.3694478524670215,0.6931471805599453,0,VIP
f9a707150880ff8da844d1d097f7e44b,45,0.6931471805599453,4.653960350157523,3.970291913552122,1.0986122886681096,0,VIP
f9d50e428067daac94be455bba5755e5,376,0.6931471805599453,4.02535169073515,4.02535169073515,0.6931471805599453,1,Normal
fa01b801b0581c39cc4140fb75004d6b,203,0.6931471805599453,4.248495242049359,4.248495242049359,0.6931471805599453,1,Normal
fa1049d3d8b2b166ffcec93059d86019,39,0.6931471805599453,4.3694478524670215,4.3694478524670215,0.6931471805599453,0,VIP
fa69a67dca281e51189860e1e8e8349a,430,0.6931471805599453,4.02535169073515,4.02535169073515,0.6931471805599453,2,Normal
fa7742512a1082c1223e467a3f038b41,537,0.6931471805599453,4.382026634673881,4.382026634673881,0.6931471805599453,2,VIP
fad90f16ddc71928c1b8df168ed6f47c,349,0.6931471805599453,4.499809670330265,4.499809670330265,0.6931471805599453,2,VIP
fb29bea9ba7071dbb9e8fafff5fa309c,197,0.6931471805599453,3.912023005428146,3.912023005428146,0.6931471805599453,1,Normal
fb52b741585dcc9d87d214d5e0d4045d,110,0.6931471805599453,3.912023005428146,3.912023005428146,0.6931471805599453,1,Normal
fb90c6ed3ad0feb20e87265e1c70311d,434,0.6931471805599453,3.828641396489095,3.828641396489095,0.6931471805599453,2,Low Value
fb9b04e7213176031e867b02ff3a4bd0,166,0.6931471805599453,3.828641396489095,3.828641396489095,0.6931471805599453,1,Low Value
fbad078fcfca26a3127967e603b94bfe,39,0.6931471805599453,4.3694478524670215,4.3694478524670215,0.6931471805599453,0,VIP
fbb000a7e40ca66c11582e563fade962,43,0.6931471805599453,3.912023005428146,3.912023005428146,0.6931471805599453,3,Normal
fbd10bdfa725fd272755f9dd98752105,247,0.6931471805599453,4.6913478822291435,4.007333185232471,1.0986122886681096,0,VIP
fbd58f38cbd2989e434b148f479534c8,409,0.6931471805599453,4.02535169073515,4.02535169073515,0.6931471805599453,2,Normal
fbdd85f919749a8e7a1290c6452024e3,440,1.0986122886681096,4.927253685157205,3.8430301339411947,1.3862943611198906,4,VIP
fc1c186e0436f5b790ab26eea95aafff,521,0.6931471805599453,3.8918202981106265,3.8918202981106265,0.6931471805599453,2,Low Value
fc68ef95253b04014e9b87b1f8f0f8bd,340,0.6931471805599453,3.4011973816621555,3.4011973816621555,0.6931471805599453,2,Low Value
fc936c7fa5b0b3579c52a23b2391d401,217,0.6931471805599453,4.983606621708336,4.983606621708336,0.6931471805599453,0,VIP
fcbcbb80c8909bb456bb6b3bc1bc283a,32,0.6931471805599453,4.07753744390572,4.07753744390572,0.6931471805599453,3,Normal
fd1ab9f6afcd054dae283a5453b96fee,175,0.6931471805599453,4.0943445622221,4.0943445622221,0.6931471805599453,1,Normal
fd3ef8bab40591fb39bf4dfee5fc75bf,89,0.6931471805599453,5.247024072160486,5.247024072160486,0.6931471805599453,0,VIP
fd49190c30be7d19c2d88ed607985406,348,0.6931471805599453,3.912023005428146,3.912023005428146,0.6931471805599453,1,Normal
fd4f8292fc83deb893dca8bf14542c07,473,0.6931471805599453,3.4011973816621555,3.4011973816621555,0.6931471805599453,2,Low Value
fd9498521525ba7fe2a8515f00e7415a,536,0.6931471805599453,3.5553480614894135,3.5553480614894135,0.6931471805599453,2,Low Value
fdaccf442f4f2638678e895e425b4919,275,0.6931471805599453,4.02535169073515,4.02535169073515,0.6931471805599453,1,Normal
fdb1bd51afc276640a61902a7918522c,442,0.6931471805599453,4.3694478524670215,4.3694478524670215,0.6931471805599453,2,VIP
fdd7fa582c8fab6e34ac01565a39915b,200,0.6931471805599453,3.4011973816621555,3.4011973816621555,0.6931471805599453,2,Low Value
fe2c2aaa57ccd2a82d77a7168c3510e1,255,0.6931471805599453,4.174387269895637,3.4965075614664802,1.0986122886681096,1,Normal
fe6140b314b10517d57a456367eafc1f,70,0.6931471805599453,5.075173815233827,5.075173815233827,0.6931471805599453,0,VIP
fe6b113acee46594f596e9d8dce810dc,283,0.6931471805599453,3.4011973816621555,3.4011973816621555,0.6931471805599453,2,Low Value
fe78f9a2d0726d03ff9fc4307d3fa5df,321,0.6931471805599453,3.912023005428146,3.912023005428146,0.6931471805599453,1,Normal
fe81bb32c243a86b2f86fbf053fe6140,307,1.0986122886681096,4.727387818712341,4.04305126783455,1.0986122886681096,4,VIP
fe8a8d9cb1a0f9f3d6eb9c2f5dc11e3c,365,0.6931471805599453,4.02535169073515,4.02535169073515,0.6931471805599453,1,Normal
feb3a5a11a06b144a9aee7fb0fc03453,276,0.6931471805599453,4.68213122712422,3.6018680771243066,1.3862943611198906,0,VIP
fec0d13c9584cb669d09f222c4b8b820,85,0.6931471805599453,4.02535169073515,4.02535169073515,0.6931471805599453,3,Normal
fec2aa3d1e489a605830c55280975850,75,0.6931471805599453,4.897839799950911,4.212127597878484,1.0986122886681096,0,VIP
fee6e134e5709ca3b2496610ad7c4172,204,0.6931471805599453,5.3471075307174685,5.3471075307174685,0.6931471805599453,0,VIP
ff7bfe25f6e582f062fe91a506aef916,165,0.6931471805599453,4.0943445622221,4.0943445622221,0.6931471805599453,1,Normal
ff7e34d7927c3195ab6e011180fa9e0e,362,0.6931471805599453,3.4011973816621555,3.4011973816621555,0.6931471805599453,2,Low Value
ff84121140b5715061b4999e72b50710,286,0.6931471805599453,4.02535169073515,4.02535169073515,0.6931471805599453,1,Normal
ffa00504cf231ac90f01bf4e86f9782d,84,0.6931471805599453,4.983606621708336,4.983606621708336,0.6931471805599453,0,VIP
ffd2e2ad95719ab7fedc9e02c5e26a62,109,0.6931471805599453,3.4011973816621555,3.4011973816621555,0.6931471805599453,3,Low Value
ffe76cb2f4bb39384c432d65ece67441,131,0.6931471805599453,3.912023005428146,3.912023005428146,0.6931471805599453,1,Normal
